지역,단지명,면적구간,반기,거래건수,중앙값_만원,최저가_만원,최고가_만원
서울 강남구,논현파라곤,84.4,2026H1,1,155000.0,155000,155000
서울 강남구,논현파라곤,117.8,2021H2,1,172000.0,172000,172000
서울 강남구,논현파라곤,117.8,2025H2,1,175200.0,175200,175200
서울 강남구,논현파라곤,117.8,2026H1,2,178000.0,170000,186000
서울 강남구,논현파라곤,117.8,2026H2,1,197000.0,197000,197000
서울 강남구,논현파라곤,120.2,2020H1,1,150000.0,150000,150000
서울 강남구,논현파라곤,120.2,2024H2,1,198000.0,198000,198000
서울 강남구,논현파라곤,170.6,2021H2,1,210000.0,210000,210000
서울 강남구,도곡렉슬,59.9,2021H1,1,200000.0,200000,200000
서울 강남구,도곡렉슬,59.9,2023H1,1,184500.0,184500,184500
서울 강남구,도곡렉슬,59.9,2025H2,1,270000.0,270000,270000
서울 강남구,도곡렉슬,59.9,2026H1,1,268000.0,268000,268000
서울 강남구,도곡렉슬,60.0,2020H1,15,165000.0,160000,195000
서울 강남구,도곡렉슬,60.0,2020H2,5,184000.0,175000,228000
서울 강남구,도곡렉슬,60.0,2021H1,8,205000.0,189000,232000
서울 강남구,도곡렉슬,60.0,2021H2,5,219000.0,205000,246000
서울 강남구,도곡렉슬,60.0,2022H2,1,240000.0,240000,240000
서울 강남구,도곡렉슬,60.0,2023H1,19,175000.0,160000,205000
서울 강남구,도곡렉슬,60.0,2023H2,13,186500.0,175000,215000
서울 강남구,도곡렉슬,60.0,2024H1,18,217500.0,180000,238000
서울 강남구,도곡렉슬,60.0,2024H2,14,220500.0,190000,249000
서울 강남구,도곡렉슬,60.0,2025H1,21,259000.0,223000,290500
서울 강남구,도곡렉슬,60.0,2025H2,7,283000.0,253000,317000
서울 강남구,도곡렉슬,60.0,2026H1,9,280000.0,250000,290000
서울 강남구,도곡렉슬,60.0,2026H2,2,280000.0,271000,289000
서울 강남구,도곡렉슬,84.9,2020H1,4,230500.0,220000,243000
서울 강남구,도곡렉슬,84.9,2020H2,3,284500.0,270000,285000
서울 강남구,도곡렉슬,84.9,2021H1,1,290000.0,290000,290000
서울 강남구,도곡렉슬,84.9,2021H2,1,287000.0,287000,287000
서울 강남구,도곡렉슬,84.9,2022H2,2,289500.0,280000,299000
서울 강남구,도곡렉슬,84.9,2023H1,3,250000.0,238000,260000
서울 강남구,도곡렉슬,84.9,2023H2,2,271250.0,268000,274500
서울 강남구,도곡렉슬,84.9,2024H1,2,274500.0,274000,275000
서울 강남구,도곡렉슬,84.9,2024H2,3,310000.0,302500,310000
서울 강남구,도곡렉슬,84.9,2025H1,1,339000.0,339000,339000
서울 강남구,도곡렉슬,84.9,2025H2,2,316000.0,255000,377000
서울 강남구,도곡렉슬,84.9,2026H1,4,362250.0,350000,380000
서울 강남구,도곡렉슬,85.0,2020H1,20,230750.0,225000,249000
서울 강남구,도곡렉슬,85.0,2020H2,7,277500.0,265500,288000
서울 강남구,도곡렉슬,85.0,2021H1,7,285500.0,279500,289000
서울 강남구,도곡렉슬,85.0,2021H2,9,290000.0,273000,320000
서울 강남구,도곡렉슬,85.0,2022H1,4,311500.0,160000,313000
서울 강남구,도곡렉슬,85.0,2022H2,3,315000.0,278000,315000
서울 강남구,도곡렉슬,85.0,2023H1,25,256000.0,235000,275000
서울 강남구,도곡렉슬,85.0,2023H2,6,277000.0,255000,283700
서울 강남구,도곡렉슬,85.0,2024H1,19,288000.0,278000,309000
서울 강남구,도곡렉슬,85.0,2024H2,9,330000.0,312000,344500
서울 강남구,도곡렉슬,85.0,2025H1,16,339000.0,320000,357000
서울 강남구,도곡렉슬,85.0,2025H2,6,388750.0,350000,400000
서울 강남구,도곡렉슬,85.0,2026H1,10,353500.0,295000,377500
서울 강남구,도곡렉슬,85.0,2026H2,2,367500.0,357000,378000
서울 강남구,도곡렉슬,115.0,2020H1,5,290000.0,241000,310000
서울 강남구,도곡렉슬,115.0,2020H2,8,320000.0,315000,337000
서울 강남구,도곡렉슬,115.0,2021H1,3,332000.0,323000,347000
서울 강남구,도곡렉슬,115.0,2021H2,1,410000.0,410000,410000
서울 강남구,도곡렉슬,115.0,2023H1,4,335500.0,285000,357000
서울 강남구,도곡렉슬,115.0,2023H2,4,356000.0,350000,390000
서울 강남구,도곡렉슬,115.0,2024H1,5,347000.0,340000,377000
서울 강남구,도곡렉슬,115.0,2024H2,5,384000.0,320000,395000
서울 강남구,도곡렉슬,115.0,2025H1,8,406000.0,389000,448000
서울 강남구,도곡렉슬,115.0,2025H2,1,450000.0,450000,450000
서울 강남구,도곡렉슬,115.0,2026H1,3,391500.0,390000,430000
서울 강남구,도곡렉슬,119.9,2020H1,7,263000.0,246000,290000
서울 강남구,도곡렉슬,119.9,2020H2,1,328000.0,328000,328000
서울 강남구,도곡렉슬,119.9,2021H1,8,323000.0,307500,330000
서울 강남구,도곡렉슬,119.9,2023H1,6,307750.0,265000,337000
서울 강남구,도곡렉슬,119.9,2023H2,1,328000.0,328000,328000
서울 강남구,도곡렉슬,119.9,2024H1,7,325000.0,276000,365000
서울 강남구,도곡렉슬,119.9,2024H2,4,356000.0,355000,362000
서울 강남구,도곡렉슬,119.9,2025H1,8,388500.0,365000,417000
서울 강남구,도곡렉슬,119.9,2025H2,5,430000.0,425000,441000
서울 강남구,도곡렉슬,119.9,2026H1,7,413000.0,380000,420000
서울 강남구,도곡렉슬,119.9,2026H2,1,415000.0,415000,415000
서울 강남구,도곡렉슬,120.8,2020H1,8,264750.0,243000,299500
서울 강남구,도곡렉슬,120.8,2020H2,4,305000.0,300000,324000
서울 강남구,도곡렉슬,120.8,2021H2,1,349000.0,349000,349000
서울 강남구,도곡렉슬,120.8,2023H1,4,299500.0,290000,322000
서울 강남구,도곡렉슬,120.8,2023H2,1,333000.0,333000,333000
서울 강남구,도곡렉슬,120.8,2024H1,4,339000.0,325000,344000
서울 강남구,도곡렉슬,120.8,2024H2,6,361000.0,335000,370000
서울 강남구,도곡렉슬,120.8,2025H1,11,380000.0,363000,420000
서울 강남구,도곡렉슬,120.8,2025H2,1,450000.0,450000,450000
서울 강남구,도곡렉슬,120.8,2026H1,4,414500.0,360000,450000
서울 강남구,도곡렉슬,120.8,2026H2,1,438000.0,438000,438000
서울 강남구,도곡렉슬,134.9,2020H1,5,320000.0,310000,335000
서울 강남구,도곡렉슬,134.9,2020H2,4,357000.0,335000,365000
서울 강남구,도곡렉슬,134.9,2021H1,1,383000.0,383000,383000
서울 강남구,도곡렉슬,134.9,2021H2,2,427500.0,420000,435000
서울 강남구,도곡렉슬,134.9,2022H1,1,494000.0,494000,494000
서울 강남구,도곡렉슬,134.9,2022H2,1,423000.0,423000,423000
서울 강남구,도곡렉슬,134.9,2023H1,2,401500.0,395000,408000
서울 강남구,도곡렉슬,134.9,2023H2,5,405000.0,372000,435000
서울 강남구,도곡렉슬,134.9,2024H1,8,388750.0,340000,410000
서울 강남구,도곡렉슬,134.9,2024H2,7,428000.0,414000,473000
서울 강남구,도곡렉슬,134.9,2025H1,13,445000.0,415000,500000
서울 강남구,도곡렉슬,134.9,2025H2,2,499500.0,480000,519000
서울 강남구,도곡렉슬,134.9,2026H1,3,470000.0,448000,505000
서울 강남구,도곡렉슬,134.9,2026H2,1,505000.0,505000,505000
서울 강남구,도곡렉슬,138.3,2020H1,1,330000.0,330000,330000
서울 강남구,도곡렉슬,138.3,2021H1,1,368000.0,368000,368000
서울 강남구,도곡렉슬,138.3,2025H2,1,470000.0,470000,470000
서울 강남구,도곡렉슬,177.0,2020H1,2,410000.0,390000,430000
서울 강남구,도곡렉슬,177.0,2022H1,2,565000.0,550000,580000
서울 강남구,도곡렉슬,177.0,2023H1,1,485000.0,485000,485000
서울 강남구,도곡렉슬,177.0,2024H1,1,372500.0,372500,372500
서울 강남구,도곡렉슬,177.0,2025H1,1,595000.0,595000,595000
서울 강남구,도곡렉슬,177.0,2026H1,2,615000.0,580000,650000
서울 강남구,동양파라곤,144.7,2022H2,1,310000.0,310000,310000
서울 강남구,동양파라곤,157.4,2020H2,1,270000.0,270000,270000
서울 강남구,동양파라곤,157.4,2021H1,2,300500.0,285000,316000
서울 강남구,동양파라곤,157.4,2022H1,2,311500.0,303000,320000
서울 강남구,동양파라곤,157.4,2023H1,1,360000.0,360000,360000
서울 강남구,동양파라곤,157.4,2023H2,1,380000.0,380000,380000
서울 강남구,동양파라곤,157.4,2024H1,1,350000.0,350000,350000
서울 강남구,동양파라곤,157.4,2025H2,2,395000.0,390000,400000
서울 강남구,동양파라곤,157.4,2026H2,1,440000.0,440000,440000
서울 강남구,동양파라곤,160.3,2020H2,2,266000.0,260000,272000
서울 강남구,동양파라곤,160.3,2021H1,1,330000.0,330000,330000
서울 강남구,동양파라곤,160.3,2022H1,1,333000.0,333000,333000
서울 강남구,동양파라곤,160.3,2024H1,1,350000.0,350000,350000
서울 강남구,동양파라곤,160.3,2024H2,2,370000.0,370000,370000
서울 강남구,동양파라곤,160.3,2025H1,1,405000.0,405000,405000
서울 강남구,동양파라곤,160.3,2026H1,1,385000.0,385000,385000
서울 강남구,동양파라곤,171.1,2023H2,2,570000.0,545000,595000
서울 강남구,동양파라곤,171.1,2024H2,2,500000.0,500000,500000
서울 강남구,동양파라곤,171.1,2025H1,1,510000.0,510000,510000
서울 강남구,동양파라곤,171.1,2025H2,2,563500.0,507000,620000
서울 강남구,동양파라곤,180.1,2020H1,1,295000.0,295000,295000
서울 강남구,동양파라곤,180.1,2021H1,2,310000.0,305000,315000
서울 강남구,동양파라곤,180.1,2022H1,2,234500.0,224000,245000
서울 강남구,동양파라곤,180.1,2023H1,1,480000.0,480000,480000
서울 강남구,동양파라곤,197.5,2020H1,1,342000.0,342000,342000
서울 강남구,동양파라곤,197.5,2020H2,1,373000.0,373000,373000
서울 강남구,동양파라곤,208.4,2021H1,1,355000.0,355000,355000
서울 강남구,동양파라곤,214.0,2021H1,1,320000.0,320000,320000
서울 강남구,동양파라곤,224.4,2023H1,1,680000.0,680000,680000
서울 강남구,동양파라곤,224.4,2026H1,1,770000.0,770000,770000
서울 강남구,디에이치아너힐즈,49.4,2020H2,1,172500.0,172500,172500
서울 강남구,디에이치아너힐즈,49.4,2021H1,1,182000.0,182000,182000
서울 강남구,디에이치아너힐즈,49.4,2023H2,2,162250.0,159500,165000
서울 강남구,디에이치아너힐즈,49.4,2024H1,1,174500.0,174500,174500
서울 강남구,디에이치아너힐즈,49.4,2025H1,1,195000.0,195000,195000
서울 강남구,디에이치아너힐즈,49.4,2026H1,2,217000.0,217000,217000
서울 강남구,디에이치아너힐즈,59.7,2020H1,2,196500.0,188000,205000
서울 강남구,디에이치아너힐즈,59.7,2020H2,1,217000.0,217000,217000
서울 강남구,디에이치아너힐즈,59.7,2021H1,1,213000.0,213000,213000
서울 강남구,디에이치아너힐즈,59.7,2021H2,3,235000.0,230500,235000
서울 강남구,디에이치아너힐즈,59.7,2022H1,1,227000.0,227000,227000
서울 강남구,디에이치아너힐즈,59.7,2023H1,5,205000.0,186500,208000
서울 강남구,디에이치아너힐즈,59.7,2023H2,4,206750.0,203000,218000
서울 강남구,디에이치아너힐즈,59.7,2024H1,6,216250.0,210000,230000
서울 강남구,디에이치아너힐즈,59.7,2024H2,1,245000.0,245000,245000
서울 강남구,디에이치아너힐즈,59.7,2025H1,4,263500.0,247000,273000
서울 강남구,디에이치아너힐즈,59.7,2025H2,2,297500.0,280000,315000
서울 강남구,디에이치아너힐즈,59.7,2026H1,1,337000.0,337000,337000
서울 강남구,디에이치아너힐즈,59.7,2026H2,1,300000.0,300000,300000
서울 강남구,디에이치아너힐즈,59.8,2020H1,1,189000.0,189000,189000
서울 강남구,디에이치아너힐즈,59.8,2021H1,1,215000.0,215000,215000
서울 강남구,디에이치아너힐즈,59.8,2024H1,3,220500.0,217000,225000
서울 강남구,디에이치아너힐즈,59.8,2025H1,2,261200.0,260000,262400
서울 강남구,디에이치아너힐즈,59.9,2020H1,1,207000.0,207000,207000
서울 강남구,디에이치아너힐즈,59.9,2020H2,2,203250.0,196500,210000
서울 강남구,디에이치아너힐즈,59.9,2021H1,2,216500.0,215000,218000
서울 강남구,디에이치아너힐즈,59.9,2021H2,3,230000.0,226000,233000
서울 강남구,디에이치아너힐즈,59.9,2022H1,1,234500.0,234500,234500
서울 강남구,디에이치아너힐즈,59.9,2023H2,5,214000.0,213000,220000
서울 강남구,디에이치아너힐즈,59.9,2024H1,3,213500.0,209500,219000
서울 강남구,디에이치아너힐즈,59.9,2024H2,4,243000.0,238000,252000
서울 강남구,디에이치아너힐즈,59.9,2025H1,1,251000.0,251000,251000
서울 강남구,디에이치아너힐즈,76.2,2020H1,2,224500.0,221000,228000
서울 강남구,디에이치아너힐즈,76.2,2020H2,6,264000.0,259000,274000
서울 강남구,디에이치아너힐즈,76.2,2021H1,4,258500.0,244000,286000
서울 강남구,디에이치아너힐즈,76.2,2021H2,2,299750.0,299500,300000
서울 강남구,디에이치아너힐즈,76.2,2022H1,1,305000.0,305000,305000
서울 강남구,디에이치아너힐즈,76.2,2022H2,1,220000.0,220000,220000
서울 강남구,디에이치아너힐즈,76.2,2023H1,5,249000.0,240000,262000
서울 강남구,디에이치아너힐즈,76.2,2023H2,1,268000.0,268000,268000
서울 강남구,디에이치아너힐즈,76.2,2024H1,2,285000.0,285000,285000
서울 강남구,디에이치아너힐즈,76.2,2024H2,3,290000.0,290000,300000
서울 강남구,디에이치아너힐즈,76.2,2025H1,5,320000.0,306000,350000
서울 강남구,디에이치아너힐즈,76.2,2025H2,3,350000.0,333000,360000
서울 강남구,디에이치아너힐즈,76.2,2026H2,1,350000.0,350000,350000
서울 강남구,디에이치아너힐즈,84.4,2020H1,3,229000.0,227000,283000
서울 강남구,디에이치아너힐즈,84.4,2020H2,5,280000.0,270000,289000
서울 강남구,디에이치아너힐즈,84.4,2021H1,1,266000.0,266000,266000
서울 강남구,디에이치아너힐즈,84.4,2021H2,2,275000.0,265000,285000
서울 강남구,디에이치아너힐즈,84.4,2022H2,1,250000.0,250000,250000
서울 강남구,디에이치아너힐즈,84.4,2023H1,8,265500.0,250000,297000
서울 강남구,디에이치아너힐즈,84.4,2023H2,6,293000.0,280000,309000
서울 강남구,디에이치아너힐즈,84.4,2024H1,6,300000.0,280000,320000
서울 강남구,디에이치아너힐즈,84.4,2024H2,9,327000.0,308000,330000
서울 강남구,디에이치아너힐즈,84.4,2025H1,6,337500.0,318000,350000
서울 강남구,디에이치아너힐즈,84.4,2025H2,1,390000.0,390000,390000
서울 강남구,디에이치아너힐즈,84.4,2026H1,4,351750.0,348000,355000
서울 강남구,디에이치아너힐즈,84.6,2021H1,1,274000.0,274000,274000
서울 강남구,디에이치아너힐즈,84.6,2021H2,1,312000.0,312000,312000
서울 강남구,디에이치아너힐즈,84.6,2024H1,2,303000.0,299000,307000
서울 강남구,디에이치아너힐즈,84.6,2024H2,2,327000.0,324000,330000
서울 강남구,디에이치아너힐즈,84.6,2025H1,2,324250.0,317500,331000
서울 강남구,디에이치아너힐즈,84.6,2025H2,1,350000.0,350000,350000
서울 강남구,디에이치아너힐즈,84.6,2026H1,1,347000.0,347000,347000
서울 강남구,디에이치아너힐즈,86.6,2025H1,1,350000.0,350000,350000
서울 강남구,디에이치아너힐즈,94.3,2020H1,1,285000.0,285000,285000
서울 강남구,디에이치아너힐즈,94.3,2021H2,1,340000.0,340000,340000
서울 강남구,디에이치아너힐즈,94.3,2025H1,2,409750.0,397500,422000
서울 강남구,디에이치아너힐즈,94.8,2020H2,1,309000.0,309000,309000
서울 강남구,디에이치아너힐즈,94.8,2021H2,1,342000.0,342000,342000
서울 강남구,디에이치아너힐즈,94.8,2024H1,2,365000.0,340000,390000
서울 강남구,디에이치아너힐즈,94.8,2024H2,1,402500.0,402500,402500
서울 강남구,디에이치아너힐즈,106.7,2021H1,1,398000.0,398000,398000
서울 강남구,디에이치아너힐즈,106.7,2023H2,1,420000.0,420000,420000
서울 강남구,디에이치아너힐즈,107.0,2022H2,1,430000.0,430000,430000
서울 강남구,디에이치아너힐즈,107.0,2024H1,1,445000.0,445000,445000
서울 강남구,디에이치아너힐즈,107.0,2025H1,2,505000.0,505000,505000
서울 강남구,디에이치아너힐즈,107.0,2026H1,2,475000.0,450000,500000
서울 강남구,디에이치아너힐즈,107.0,2026H2,1,530000.0,530000,530000
서울 강남구,디에이치아너힐즈,131.3,2022H1,1,590000.0,590000,590000
서울 강남구,디에이치아너힐즈,131.3,2024H2,2,591500.0,588000,595000
서울 강남구,디에이치아너힐즈,131.3,2026H1,1,582500.0,582500,582500
서울 강남구,디에이치아너힐즈,131.3,2026H2,1,615000.0,615000,615000
서울 강남구,디에이치아너힐즈,137.0,2024H2,1,560000.0,560000,560000
서울 강남구,디에이치아너힐즈,148.3,2024H2,1,550000.0,550000,550000
서울 강남구,디에이치자이개포,63.8,2023H1,1,182000.0,182000,182000
서울 강남구,디에이치자이개포,63.8,2023H2,7,219700.0,215000,224500
서울 강남구,디에이치자이개포,63.8,2024H1,6,229000.0,222500,239900
서울 강남구,디에이치자이개포,63.8,2024H2,3,258000.0,245000,260000
서울 강남구,디에이치자이개포,63.8,2025H1,5,279000.0,259000,287000
서울 강남구,디에이치자이개포,63.8,2025H2,1,330000.0,330000,330000
서울 강남구,디에이치자이개포,76.5,2023H1,1,210000.0,210000,210000
서울 강남구,디에이치자이개포,76.5,2023H2,1,190000.0,190000,190000
서울 강남구,디에이치자이개포,76.5,2024H2,1,298000.0,298000,298000
서울 강남구,디에이치자이개포,76.5,2025H1,4,309000.0,302500,313700
서울 강남구,디에이치자이개포,76.5,2025H2,1,342500.0,342500,342500
서울 강남구,디에이치자이개포,76.6,2025H1,1,307000.0,307000,307000
서울 강남구,디에이치자이개포,76.6,2025H2,1,355000.0,355000,355000
서울 강남구,디에이치자이개포,76.8,2024H1,2,289750.0,284000,295500
서울 강남구,디에이치자이개포,84.6,2021H2,1,240000.0,240000,240000
서울 강남구,디에이치자이개포,84.6,2023H1,1,290000.0,290000,290000
서울 강남구,디에이치자이개포,84.6,2023H2,1,290000.0,290000,290000
서울 강남구,디에이치자이개포,84.7,2021H2,2,292500.0,290000,295000
서울 강남구,디에이치자이개포,84.7,2022H2,1,150000.0,150000,150000
서울 강남구,디에이치자이개포,84.7,2023H1,5,253000.0,239000,258000
서울 강남구,디에이치자이개포,84.7,2023H2,3,288000.0,270000,288000
서울 강남구,디에이치자이개포,84.7,2024H1,3,280000.0,278000,300000
서울 강남구,디에이치자이개포,84.7,2024H2,5,325000.0,316000,333000
서울 강남구,디에이치자이개포,84.7,2025H1,6,344000.0,329500,360000
서울 강남구,디에이치자이개포,84.7,2025H2,2,385000.0,380000,390000
서울 강남구,디에이치자이개포,84.7,2026H1,3,370000.0,365000,375000
서울 강남구,디에이치자이개포,84.8,2021H2,1,299000.0,299000,299000
서울 강남구,디에이치자이개포,84.8,2023H1,1,272000.0,272000,272000
서울 강남구,디에이치자이개포,84.8,2024H1,2,282500.0,280000,285000
서울 강남구,디에이치자이개포,84.8,2024H2,1,260000.0,260000,260000
서울 강남구,디에이치자이개포,84.8,2025H1,2,332500.0,332000,333000
서울 강남구,디에이치자이개포,84.9,2021H2,1,310000.0,310000,310000
서울 강남구,디에이치자이개포,84.9,2022H1,1,208273.0,208273,208273
서울 강남구,디에이치자이개포,84.9,2023H1,3,235000.0,235000,260000
서울 강남구,디에이치자이개포,84.9,2023H2,4,290000.0,190000,298000
서울 강남구,디에이치자이개포,84.9,2024H1,3,280000.0,275000,305000
서울 강남구,디에이치자이개포,84.9,2024H2,2,327500.0,325000,330000
서울 강남구,디에이치자이개포,84.9,2025H1,3,332000.0,330000,337000
서울 강남구,디에이치자이개포,103.8,2023H1,1,265000.0,265000,265000
서울 강남구,디에이치자이개포,103.9,2023H2,1,335000.0,335000,335000
서울 강남구,디에이치자이개포,103.9,2024H1,1,377000.0,377000,377000
서울 강남구,디에이치자이개포,103.9,2024H2,1,399500.0,399500,399500
서울 강남구,디에이치자이개포,103.9,2025H2,1,400000.0,400000,400000
서울 강남구,디에이치자이개포,103.9,2026H1,2,439500.0,432000,447000
서울 강남구,디에이치자이개포,104.0,2024H2,1,390000.0,390000,390000
서울 강남구,디에이치자이개포,118.7,2021H2,1,310000.0,310000,310000
서울 강남구,디에이치자이개포,118.7,2023H2,2,377000.0,369000,385000
서울 강남구,디에이치자이개포,118.7,2024H1,1,415000.0,415000,415000
서울 강남구,디에이치자이개포,118.7,2025H1,1,460000.0,460000,460000
서울 강남구,디에이치자이개포,118.7,2025H2,1,515000.0,515000,515000
서울 강남구,디에이치자이개포,132.9,2023H1,2,395000.0,390000,400000
서울 강남구,디에이치자이개포,132.9,2024H2,2,448500.0,442000,455000
서울 강남구,디에이치자이개포,132.9,2025H1,1,530000.0,530000,530000
서울 강남구,래미안 개포 루체하임,60.0,2020H1,1,173000.0,173000,173000
서울 강남구,래미안 개포 루체하임,60.0,2021H1,1,209000.0,209000,209000
서울 강남구,래미안 개포 루체하임,60.0,2021H2,2,225000.0,220000,230000
서울 강남구,래미안 개포 루체하임,60.0,2023H1,8,186000.0,159000,195000
서울 강남구,래미안 개포 루체하임,60.0,2023H2,3,187500.0,187500,188000
서울 강남구,래미안 개포 루체하임,60.0,2024H1,10,202000.0,185000,209500
서울 강남구,래미안 개포 루체하임,60.0,2024H2,4,229000.0,223000,245000
서울 강남구,래미안 개포 루체하임,60.0,2025H1,10,240000.0,235000,250000
서울 강남구,래미안 개포 루체하임,60.0,2025H2,5,308000.0,291500,315000
서울 강남구,래미안 개포 루체하임,60.0,2026H1,1,270000.0,270000,270000
서울 강남구,래미안 개포 루체하임,71.6,2020H1,1,212000.0,212000,212000
서울 강남구,래미안 개포 루체하임,71.6,2023H1,2,205000.0,190000,220000
서울 강남구,래미안 개포 루체하임,71.6,2023H2,1,225000.0,225000,225000
서울 강남구,래미안 개포 루체하임,71.6,2024H1,3,249000.0,226500,253000
서울 강남구,래미안 개포 루체하임,71.6,2025H1,4,265000.0,250000,275000
서울 강남구,래미안 개포 루체하임,71.6,2026H1,2,305000.0,298000,312000
서울 강남구,래미안 개포 루체하임,71.7,2020H1,1,200000.0,200000,200000
서울 강남구,래미안 개포 루체하임,71.7,2020H2,2,215750.0,190000,241500
서울 강남구,래미안 개포 루체하임,71.7,2021H1,3,245000.0,240000,245000
서울 강남구,래미안 개포 루체하임,71.7,2023H1,1,190000.0,190000,190000
서울 강남구,래미안 개포 루체하임,71.7,2023H2,1,227000.0,227000,227000
서울 강남구,래미안 개포 루체하임,71.7,2024H1,3,238000.0,235000,244000
서울 강남구,래미안 개포 루체하임,71.7,2024H2,2,255000.0,255000,255000
서울 강남구,래미안 개포 루체하임,71.7,2025H2,1,295000.0,295000,295000
서울 강남구,래미안 개포 루체하임,71.7,2026H1,1,275000.0,275000,275000
서울 강남구,래미안 개포 루체하임,85.0,2020H1,2,239500.0,239000,240000
서울 강남구,래미안 개포 루체하임,85.0,2020H2,7,248500.0,230000,259500
서울 강남구,래미안 개포 루체하임,85.0,2021H1,4,267500.0,245000,274500
서울 강남구,래미안 개포 루체하임,85.0,2021H2,1,270000.0,270000,270000
서울 강남구,래미안 개포 루체하임,85.0,2022H1,1,280000.0,280000,280000
서울 강남구,래미안 개포 루체하임,85.0,2023H1,5,222000.0,213000,250000
서울 강남구,래미안 개포 루체하임,85.0,2023H2,3,255000.0,252000,268000
서울 강남구,래미안 개포 루체하임,85.0,2024H1,4,263250.0,247000,270000
서울 강남구,래미안 개포 루체하임,85.0,2024H2,10,274750.0,270000,284500
서울 강남구,래미안 개포 루체하임,85.0,2025H1,10,284000.0,276000,303000
서울 강남구,래미안 개포 루체하임,85.0,2025H2,5,332000.0,330000,342000
서울 강남구,래미안 개포 루체하임,85.0,2026H1,3,300000.0,291000,304000
서울 강남구,래미안 개포 루체하임,85.0,2026H2,1,325000.0,325000,325000
서울 강남구,래미안 개포 루체하임,102.0,2020H1,2,247500.0,245000,250000
서울 강남구,래미안 개포 루체하임,102.0,2020H2,2,289000.0,288000,290000
서울 강남구,래미안 개포 루체하임,102.0,2021H1,1,290000.0,290000,290000
서울 강남구,래미안 개포 루체하임,102.0,2023H1,1,260000.0,260000,260000
서울 강남구,래미안 개포 루체하임,102.0,2024H1,3,285000.0,280000,298000
서울 강남구,래미안 개포 루체하임,102.0,2024H2,2,298750.0,296000,301500
서울 강남구,래미안 개포 루체하임,102.0,2025H1,4,330000.0,316500,340000
서울 강남구,래미안 개포 루체하임,102.0,2026H2,1,340000.0,340000,340000
서울 강남구,래미안 개포 루체하임,118.1,2025H2,1,340000.0,340000,340000
서울 강남구,래미안 개포 루체하임,121.7,2020H1,1,283000.0,283000,283000
서울 강남구,래미안 개포 루체하임,121.7,2020H2,2,275000.0,240000,310000
서울 강남구,래미안 개포 루체하임,121.7,2022H1,1,330000.0,330000,330000
서울 강남구,래미안 개포 루체하임,121.7,2023H1,1,286000.0,286000,286000
서울 강남구,래미안 개포 루체하임,121.7,2023H2,1,300000.0,300000,300000
서울 강남구,래미안 개포 루체하임,121.7,2024H1,3,308000.0,300000,309500
서울 강남구,래미안 개포 루체하임,121.7,2024H2,4,354250.0,345000,365000
서울 강남구,래미안 개포 루체하임,121.7,2025H1,2,366500.0,355000,378000
서울 강남구,래미안 개포 루체하임,121.7,2026H1,2,346500.0,343000,350000
서울 강남구,래미안 개포 루체하임,151.1,2020H2,1,357000.0,357000,357000
서울 강남구,래미안 개포 루체하임,168.8,2020H1,1,245000.0,245000,245000
서울 강남구,래미안대치팰리스,60.0,2020H1,1,250000.0,250000,250000
서울 강남구,래미안대치팰리스,69.0,2025H1,1,356000.0,356000,356000
서울 강남구,래미안대치팰리스,85.0,2020H1,7,293000.0,285000,310000
서울 강남구,래미안대치팰리스,85.0,2021H1,4,304000.0,303000,312000
서울 강남구,래미안대치팰리스,85.0,2021H2,2,314500.0,308000,321000
서울 강남구,래미안대치팰리스,85.0,2022H1,1,330000.0,330000,330000
서울 강남구,래미안대치팰리스,85.0,2023H1,3,298000.0,282000,310000
서울 강남구,래미안대치팰리스,85.0,2023H2,8,321500.0,310000,330000
서울 강남구,래미안대치팰리스,85.0,2024H1,9,328000.0,318000,343500
서울 강남구,래미안대치팰리스,85.0,2024H2,5,360000.0,351000,393000
서울 강남구,래미안대치팰리스,85.0,2025H1,9,435000.0,370000,470000
서울 강남구,래미안대치팰리스,85.0,2025H2,3,441000.0,250000,475000
서울 강남구,래미안대치팰리스,85.0,2026H1,7,425000.0,405000,440000
서울 강남구,래미안대치팰리스,91.9,2020H1,5,299000.0,290000,308000
서울 강남구,래미안대치팰리스,91.9,2021H2,1,330000.0,330000,330000
서울 강남구,래미안대치팰리스,91.9,2022H1,1,328000.0,328000,328000
서울 강남구,래미안대치팰리스,91.9,2022H2,1,291000.0,291000,291000
서울 강남구,래미안대치팰리스,91.9,2023H1,2,312250.0,299500,325000
서울 강남구,래미안대치팰리스,91.9,2023H2,1,316000.0,316000,316000
서울 강남구,래미안대치팰리스,91.9,2024H1,2,320000.0,310000,330000
서울 강남구,래미안대치팰리스,91.9,2025H1,3,440000.0,427500,450000
서울 강남구,래미안대치팰리스,91.9,2025H2,1,470000.0,470000,470000
서울 강남구,래미안대치팰리스,91.9,2026H1,3,430000.0,397000,445000
서울 강남구,래미안대치팰리스,93.2,2025H1,1,450000.0,450000,450000
서울 강남구,래미안대치팰리스,93.2,2026H1,1,425000.0,425000,425000
서울 강남구,래미안대치팰리스,93.2,2026H2,1,470000.0,470000,470000
서울 강남구,래미안대치팰리스,94.5,2020H1,7,327000.0,305000,350000
서울 강남구,래미안대치팰리스,94.5,2020H2,2,343000.0,327000,359000
서울 강남구,래미안대치팰리스,94.5,2021H2,7,375000.0,369000,405000
서울 강남구,래미안대치팰리스,94.5,2022H2,1,348000.0,348000,348000
서울 강남구,래미안대치팰리스,94.5,2023H1,1,335000.0,335000,335000
서울 강남구,래미안대치팰리스,94.5,2023H2,4,355500.0,350000,360000
서울 강남구,래미안대치팰리스,94.5,2024H1,6,367500.0,361500,379000
서울 강남구,래미안대치팰리스,94.5,2024H2,12,402500.0,380000,438000
서울 강남구,래미안대치팰리스,94.5,2025H1,9,460000.0,390000,530000
서울 강남구,래미안대치팰리스,94.5,2025H2,4,525000.0,500000,530000
서울 강남구,래미안대치팰리스,94.5,2026H1,2,472500.0,470000,475000
서울 강남구,래미안대치팰리스,114.1,2023H1,1,441000.0,441000,441000
서울 강남구,래미안대치팰리스,114.1,2023H2,2,479250.0,478500,480000
서울 강남구,래미안대치팰리스,114.1,2024H1,2,489500.0,487000,492000
서울 강남구,래미안대치팰리스,114.1,2024H2,2,513500.0,507000,520000
서울 강남구,래미안대치팰리스,114.1,2025H2,1,630000.0,630000,630000
서울 강남구,래미안대치팰리스,114.1,2026H1,1,580000.0,580000,580000
서울 강남구,래미안대치팰리스,114.2,2020H1,1,417000.0,417000,417000
서울 강남구,래미안대치팰리스,114.2,2021H1,1,440000.0,440000,440000
서울 강남구,래미안대치팰리스,114.2,2022H1,1,488000.0,488000,488000
서울 강남구,래미안대치팰리스,114.2,2022H2,1,485000.0,485000,485000
서울 강남구,래미안대치팰리스,114.2,2023H1,2,442500.0,440000,445000
서울 강남구,래미안대치팰리스,114.2,2024H1,1,445000.0,445000,445000
서울 강남구,래미안대치팰리스,114.2,2024H2,1,525000.0,525000,525000
서울 강남구,래미안대치팰리스,114.2,2025H1,3,600000.0,529000,600000
서울 강남구,래미안대치팰리스,114.2,2026H1,2,618750.0,600000,637500
서울 강남구,래미안대치팰리스,114.2,2026H2,1,638000.0,638000,638000
서울 강남구,래미안대치팰리스,151.3,2021H1,1,535000.0,535000,535000
서울 강남구,래미안대치팰리스,151.3,2022H1,1,530000.0,530000,530000
서울 강남구,래미안대치팰리스,151.3,2023H1,2,450000.0,440000,460000
서울 강남구,래미안대치팰리스,151.3,2023H2,3,477000.0,445000,500000
서울 강남구,래미안대치팰리스,151.3,2024H1,3,489000.0,479000,489000
서울 강남구,래미안대치팰리스,151.3,2024H2,3,524000.0,500000,525000
서울 강남구,래미안대치팰리스,151.3,2025H1,2,616500.0,615000,618000
서울 강남구,래미안대치팰리스,151.3,2025H2,4,625000.0,615000,630000
서울 강남구,래미안대치팰리스,151.3,2026H1,4,622500.0,570000,655000
서울 강남구,청담파라곤Ⅱ1단지,187.8,2020H1,1,245000.0,245000,245000
서울 강남구,청담파라곤Ⅱ1단지,187.8,2020H2,1,245000.0,245000,245000
서울 강남구,청담파라곤Ⅱ1단지,195.9,2020H1,1,260000.0,260000,260000
서울 강남구,청담파라곤Ⅱ1단지,198.8,2020H1,1,328000.0,328000,328000
서울 강남구,청담파라곤Ⅱ1단지,198.8,2020H2,1,342000.0,342000,342000
서울 강남구,청담파라곤Ⅱ2단지,149.7,2021H2,2,320000.0,320000,320000
서울 강남구,청담파라곤Ⅱ2단지,153.8,2025H1,1,450000.0,450000,450000
서울 강남구,청담파라곤Ⅱ2단지,177.1,2021H2,1,335000.0,335000,335000
서울 송파구,레이크팰리스,60.0,2020H1,14,150250.0,147850,166950
서울 송파구,레이크팰리스,60.0,2020H2,1,172000.0,172000,172000
서울 송파구,레이크팰리스,60.0,2021H1,3,174800.0,170000,181000
서울 송파구,레이크팰리스,60.0,2021H2,6,185750.0,179000,201000
서울 송파구,레이크팰리스,60.0,2022H1,3,184000.0,184000,190000
서울 송파구,레이크팰리스,60.0,2022H2,1,140000.0,140000,140000
서울 송파구,레이크팰리스,60.0,2023H1,17,163500.0,145000,175000
서울 송파구,레이크팰리스,60.0,2023H2,9,179000.0,172000,185000
서울 송파구,레이크팰리스,60.0,2024H1,14,179900.0,167000,195000
서울 송파구,레이크팰리스,60.0,2024H2,2,211750.0,209000,214500
서울 송파구,레이크팰리스,60.0,2025H1,19,226000.0,201500,260000
서울 송파구,레이크팰리스,60.0,2025H2,6,271250.0,250000,287500
서울 송파구,레이크팰리스,60.0,2026H1,11,265000.0,255000,272000
서울 송파구,레이크팰리스,60.0,2026H2,1,275000.0,275000,275000
서울 송파구,레이크팰리스,84.8,2020H1,33,176000.0,165000,195000
서울 송파구,레이크팰리스,84.8,2020H2,5,203000.0,198000,205000
서울 송파구,레이크팰리스,84.8,2021H1,9,218000.0,190000,219800
서울 송파구,레이크팰리스,84.8,2021H2,9,227000.0,214500,248000
서울 송파구,레이크팰리스,84.8,2022H1,5,230000.0,222000,238000
서울 송파구,레이크팰리스,84.8,2022H2,2,178850.0,178200,179500
서울 송파구,레이크팰리스,84.8,2023H1,15,200000.0,175000,210000
서울 송파구,레이크팰리스,84.8,2023H2,7,220000.0,180000,230000
서울 송파구,레이크팰리스,84.8,2024H1,12,219000.0,195000,230000
서울 송파구,레이크팰리스,84.8,2024H2,25,235000.0,223000,250000
서울 송파구,레이크팰리스,84.8,2025H1,26,269100.0,193000,300000
서울 송파구,레이크팰리스,84.8,2025H2,11,309000.0,275000,324000
서울 송파구,레이크팰리스,84.8,2026H1,13,302000.0,295000,330000
서울 송파구,레이크팰리스,116.2,2020H1,14,196750.0,185000,220000
서울 송파구,레이크팰리스,116.2,2020H2,4,234000.0,214500,250000
서울 송파구,레이크팰리스,116.2,2021H1,1,274000.0,274000,274000
서울 송파구,레이크팰리스,116.2,2021H2,2,277500.0,270000,285000
서울 송파구,레이크팰리스,116.2,2022H1,3,270000.0,270000,275500
서울 송파구,레이크팰리스,116.2,2022H2,1,263000.0,263000,263000
서울 송파구,레이크팰리스,116.2,2023H1,11,227500.0,190000,247700
서울 송파구,레이크팰리스,116.2,2023H2,5,266000.0,233000,269000
서울 송파구,레이크팰리스,116.2,2024H1,5,250000.0,239000,260000
서울 송파구,레이크팰리스,116.2,2024H2,9,270000.0,249000,285000
서울 송파구,레이크팰리스,116.2,2025H1,17,300000.0,210000,328000
서울 송파구,레이크팰리스,116.2,2025H2,3,334000.0,326500,370000
서울 송파구,레이크팰리스,116.2,2026H1,7,340000.0,330000,344000
서울 송파구,레이크팰리스,116.2,2026H2,1,376000.0,376000,376000
서울 송파구,레이크팰리스,135.8,2020H1,8,225000.0,200000,250000
서울 송파구,레이크팰리스,135.8,2020H2,2,257500.0,245000,270000
서울 송파구,레이크팰리스,135.8,2021H1,4,275000.0,250000,299000
서울 송파구,레이크팰리스,135.8,2021H2,3,304000.0,300000,354000
서울 송파구,레이크팰리스,135.8,2022H1,2,346500.0,338000,355000
서울 송파구,레이크팰리스,135.8,2023H2,3,271000.0,270000,330000
서울 송파구,레이크팰리스,135.8,2024H2,5,313000.0,285000,338000
서울 송파구,레이크팰리스,135.8,2025H1,9,360000.0,318500,400000
서울 송파구,레이크팰리스,135.8,2025H2,6,385000.0,343000,428000
서울 송파구,레이크팰리스,135.8,2026H1,4,412500.0,402000,425000
서울 송파구,레이크팰리스,135.8,2026H2,1,423000.0,423000,423000
서울 송파구,레이크팰리스,136.7,2020H1,4,209750.0,199500,217500
서울 송파구,레이크팰리스,136.7,2021H2,1,299500.0,299500,299500
서울 송파구,레이크팰리스,136.7,2023H2,2,264500.0,259000,270000
서울 송파구,레이크팰리스,136.7,2024H1,1,270000.0,270000,270000
서울 송파구,레이크팰리스,136.7,2024H2,2,304750.0,300000,309500
서울 송파구,레이크팰리스,136.7,2025H1,1,320000.0,320000,320000
서울 송파구,레이크팰리스,136.7,2025H2,2,349750.0,346500,353000
서울 송파구,레이크팰리스,136.7,2026H1,2,389500.0,379000,400000
서울 송파구,레이크팰리스,136.7,2026H2,1,380000.0,380000,380000
서울 송파구,잠실엘스,60.0,2020H1,30,166000.0,151000,188000
서울 송파구,잠실엘스,60.0,2020H2,6,186500.0,150000,193000
서울 송파구,잠실엘스,60.0,2021H1,5,188500.0,185000,194000
서울 송파구,잠실엘스,60.0,2021H2,7,195000.0,187000,219000
서울 송파구,잠실엘스,60.0,2022H1,1,195000.0,195000,195000
서울 송파구,잠실엘스,60.0,2022H2,7,160500.0,149000,175000
서울 송파구,잠실엘스,60.0,2023H1,23,171000.0,150000,190000
서울 송파구,잠실엘스,60.0,2023H2,23,191000.0,184000,200000
서울 송파구,잠실엘스,60.0,2024H1,21,193500.0,169100,209000
서울 송파구,잠실엘스,60.0,2024H2,16,220000.0,206000,229000
서울 송파구,잠실엘스,60.0,2025H1,38,245000.0,150000,300000
서울 송파구,잠실엘스,60.0,2025H2,13,295000.0,279000,310000
서울 송파구,잠실엘스,60.0,2026H1,29,283000.0,270000,309500
서울 송파구,잠실엘스,60.0,2026H2,7,295000.0,287000,300500
서울 송파구,잠실엘스,84.8,2020H1,64,196500.0,180000,225000
서울 송파구,잠실엘스,84.8,2020H2,12,221500.0,213000,235000
서울 송파구,잠실엘스,84.8,2021H1,5,237000.0,225000,241000
서울 송파구,잠실엘스,84.8,2021H2,13,245000.0,228000,270000
서울 송파구,잠실엘스,84.8,2022H1,6,237500.0,225000,267000
서울 송파구,잠실엘스,84.8,2022H2,19,204000.0,190000,234000
서울 송파구,잠실엘스,84.8,2023H1,32,215000.0,170000,230000
서울 송파구,잠실엘스,84.8,2023H2,23,231000.0,190000,250000
서울 송파구,잠실엘스,84.8,2024H1,38,233500.0,220000,259000
서울 송파구,잠실엘스,84.8,2024H2,29,263000.0,190000,277000
서울 송파구,잠실엘스,84.8,2025H1,77,295000.0,173000,340000
서울 송파구,잠실엘스,84.8,2025H2,21,332000.0,313500,350000
서울 송파구,잠실엘스,84.8,2026H1,46,330000.0,303000,350000
서울 송파구,잠실엘스,84.8,2026H2,11,338000.0,320000,348000
서울 송파구,잠실엘스,84.9,2020H1,14,194500.0,185000,215000
서울 송파구,잠실엘스,84.9,2020H2,1,215000.0,215000,215000
서울 송파구,잠실엘스,84.9,2021H1,1,210000.0,210000,210000
서울 송파구,잠실엘스,84.9,2021H2,4,248000.0,243000,258000
서울 송파구,잠실엘스,84.9,2022H1,2,233500.0,225000,242000
서울 송파구,잠실엘스,84.9,2022H2,4,202000.0,200000,210000
서울 송파구,잠실엘스,84.9,2023H1,1,230000.0,230000,230000
서울 송파구,잠실엘스,84.9,2023H2,10,232000.0,186000,240000
서울 송파구,잠실엘스,84.9,2024H1,3,223000.0,217000,240000
서울 송파구,잠실엘스,84.9,2024H2,6,260000.0,257000,270000
서울 송파구,잠실엘스,84.9,2025H1,10,305000.0,258500,330000
서울 송파구,잠실엘스,84.9,2025H2,4,332000.0,325000,340000
서울 송파구,잠실엘스,84.9,2026H1,6,338500.0,315000,370000
서울 송파구,잠실엘스,84.9,2026H2,4,335000.0,332500,338500
서울 송파구,잠실엘스,85.0,2020H1,11,192500.0,179500,205000
서울 송파구,잠실엘스,85.0,2020H2,4,224000.0,213000,225000
서울 송파구,잠실엘스,85.0,2021H1,1,245000.0,245000,245000
서울 송파구,잠실엘스,85.0,2021H2,1,238000.0,238000,238000
서울 송파구,잠실엘스,85.0,2022H2,2,194500.0,190000,199000
서울 송파구,잠실엘스,85.0,2023H1,5,220000.0,205000,235000
서울 송파구,잠실엘스,85.0,2023H2,3,239000.0,223000,246000
서울 송파구,잠실엘스,85.0,2024H1,5,236000.0,233500,255000
서울 송파구,잠실엘스,85.0,2024H2,6,262850.0,250000,270000
서울 송파구,잠실엘스,85.0,2025H1,9,295000.0,250000,320000
서울 송파구,잠실엘스,85.0,2025H2,8,330000.0,260000,340000
서울 송파구,잠실엘스,85.0,2026H1,5,330000.0,328000,340000
서울 송파구,잠실엘스,85.0,2026H2,4,338000.0,325000,345000
서울 송파구,잠실엘스,119.9,2020H1,11,250000.0,219000,265000
서울 송파구,잠실엘스,119.9,2020H2,2,282500.0,270000,295000
서울 송파구,잠실엘스,119.9,2021H1,3,290000.0,270000,300000
서울 송파구,잠실엘스,119.9,2021H2,3,337000.0,299000,340000
서울 송파구,잠실엘스,119.9,2023H1,6,321500.0,312000,345000
서울 송파구,잠실엘스,119.9,2023H2,2,327250.0,324500,330000
서울 송파구,잠실엘스,119.9,2024H1,4,326000.0,316000,349000
서울 송파구,잠실엘스,119.9,2024H2,6,350500.0,300000,379000
서울 송파구,잠실엘스,119.9,2025H1,9,368000.0,312000,400000
서울 송파구,잠실엘스,119.9,2025H2,5,410000.0,395000,450000
서울 송파구,잠실엘스,119.9,2026H1,7,440000.0,380000,460000
서울 송파구,잠실엘스,119.9,2026H2,1,415000.0,415000,415000
서울 송파구,트리지움,59.9,2020H1,20,159500.0,143000,174000
서울 송파구,트리지움,59.9,2020H2,4,180000.0,177500,184000
서울 송파구,트리지움,59.9,2021H1,4,177750.0,173000,182000
서울 송파구,트리지움,59.9,2021H2,2,188250.0,182000,194500
서울 송파구,트리지움,59.9,2022H1,2,184750.0,178500,191000
서울 송파구,트리지움,59.9,2022H2,4,160000.0,149500,177000
서울 송파구,트리지움,59.9,2023H1,17,167000.0,121000,176000
서울 송파구,트리지움,59.9,2023H2,9,185000.0,170000,195500
서울 송파구,트리지움,59.9,2024H1,17,190000.0,181000,198000
서울 송파구,트리지움,59.9,2024H2,22,210500.0,193000,221000
서울 송파구,트리지움,59.9,2025H1,32,238750.0,200000,265000
서울 송파구,트리지움,59.9,2025H2,4,293500.0,290000,296000
서울 송파구,트리지움,59.9,2026H1,20,275000.0,260000,292000
서울 송파구,트리지움,59.9,2026H2,3,284000.0,271000,292000
서울 송파구,트리지움,84.8,2020H1,26,189500.0,173000,210000
서울 송파구,트리지움,84.8,2020H2,5,215000.0,205000,224500
서울 송파구,트리지움,84.8,2021H1,10,220000.0,205000,232500
서울 송파구,트리지움,84.8,2021H2,3,233000.0,230000,245000
서울 송파구,트리지움,84.8,2022H1,3,230000.0,218000,231000
서울 송파구,트리지움,84.8,2022H2,5,185000.0,183000,210000
서울 송파구,트리지움,84.8,2023H1,22,197000.0,182500,220000
서울 송파구,트리지움,84.8,2023H2,7,228000.0,227500,238000
서울 송파구,트리지움,84.8,2024H1,15,228000.0,215000,238000
서울 송파구,트리지움,84.8,2024H2,19,246000.0,230000,265000
서울 송파구,트리지움,84.8,2025H1,34,280500.0,221000,320000
서울 송파구,트리지움,84.8,2025H2,14,319000.0,290000,325000
서울 송파구,트리지움,84.8,2026H1,26,317000.0,295000,335000
서울 송파구,트리지움,84.8,2026H2,4,321000.0,320000,326000
서울 송파구,트리지움,85.0,2020H1,15,180000.0,167000,210000
서울 송파구,트리지움,85.0,2020H2,5,208000.0,204000,212000
서울 송파구,트리지움,85.0,2021H1,7,210000.0,207000,220000
서울 송파구,트리지움,85.0,2021H2,7,237500.0,226000,242000
서울 송파구,트리지움,85.0,2022H1,1,230000.0,230000,230000
서울 송파구,트리지움,85.0,2022H2,4,194000.0,179000,213000
서울 송파구,트리지움,85.0,2023H1,10,191000.0,174000,217000
서울 송파구,트리지움,85.0,2023H2,13,220000.0,207500,234000
서울 송파구,트리지움,85.0,2024H1,12,221000.0,199000,226000
서울 송파구,트리지움,85.0,2024H2,9,247000.0,226000,260000
서울 송파구,트리지움,85.0,2025H1,32,279000.0,235000,320000
서울 송파구,트리지움,85.0,2025H2,7,319000.0,305000,330000
서울 송파구,트리지움,85.0,2026H1,20,311500.0,288500,330000
서울 송파구,트리지움,85.0,2026H2,7,321000.0,306500,328000
서울 송파구,트리지움,114.7,2020H1,8,210250.0,199500,229000
서울 송파구,트리지움,114.7,2020H2,3,257900.0,215000,260000
서울 송파구,트리지움,114.7,2021H1,3,269000.0,264000,273000
서울 송파구,트리지움,114.7,2022H1,1,274000.0,274000,274000
서울 송파구,트리지움,114.7,2022H2,1,232500.0,232500,232500
서울 송파구,트리지움,114.7,2023H1,10,246000.0,225000,255000
서울 송파구,트리지움,114.7,2023H2,2,261000.0,260000,262000
서울 송파구,트리지움,114.7,2024H1,3,274500.0,260000,275000
서울 송파구,트리지움,114.7,2024H2,7,280000.0,269000,300000
서울 송파구,트리지움,114.7,2025H1,9,340000.0,315000,369000
서울 송파구,트리지움,114.7,2025H2,2,366500.0,353000,380000
서울 송파구,트리지움,114.7,2026H1,10,360500.0,339000,375000
서울 송파구,트리지움,114.7,2026H2,1,359000.0,359000,359000
서울 송파구,트리지움,149.4,2020H1,6,235500.0,230000,253000
서울 송파구,트리지움,149.4,2020H2,2,272000.0,270000,274000
서울 송파구,트리지움,149.4,2022H2,1,285000.0,285000,285000
서울 송파구,트리지움,149.4,2023H1,5,285000.0,273000,340000
서울 송파구,트리지움,149.4,2023H2,3,304000.0,280000,304000
서울 송파구,트리지움,149.4,2024H1,1,320000.0,320000,320000
서울 송파구,트리지움,149.4,2024H2,4,348500.0,330000,365000
서울 송파구,트리지움,149.4,2025H1,5,380000.0,360000,410000
서울 송파구,트리지움,149.4,2025H2,2,414500.0,399000,430000
서울 송파구,트리지움,149.4,2026H1,4,390000.0,382000,409000
서울 송파구,트리지움,149.4,2026H2,1,417000.0,417000,417000
서울 송파구,트윈레이크팰리스빌,28.1,2022H1,2,36650.0,35500,37800
서울 송파구,트윈레이크팰리스빌,28.1,2024H1,1,33000.0,33000,33000
서울 송파구,트윈레이크팰리스빌,28.1,2026H1,1,36500.0,36500,36500
서울 송파구,트윈레이크팰리스빌,29.2,2021H1,2,33400.0,32800,34000
서울 송파구,트윈레이크팰리스빌,29.2,2022H1,2,37100.0,36700,37500
서울 송파구,트윈레이크팰리스빌,29.4,2024H2,1,36000.0,36000,36000
성남시 분당구,동양정자파라곤(1단지),85.0,2024H1,1,145000.0,145000,145000
성남시 분당구,동양정자파라곤(1단지),85.0,2025H1,1,160000.0,160000,160000
성남시 분당구,동양정자파라곤(1단지),85.0,2025H2,1,175000.0,175000,175000
성남시 분당구,동양정자파라곤(1단지),140.2,2023H1,2,169000.0,169000,169000
성남시 분당구,동양정자파라곤(1단지),140.2,2025H1,1,205000.0,205000,205000
성남시 분당구,동양정자파라곤(1단지),146.4,2022H1,2,182500.0,179000,186000
성남시 분당구,동양정자파라곤(1단지),146.4,2022H2,1,165000.0,165000,165000
성남시 분당구,동양정자파라곤(1단지),146.4,2023H2,2,174500.0,168000,181000
성남시 분당구,동양정자파라곤(1단지),146.4,2024H1,2,177500.0,170000,185000
성남시 분당구,동양정자파라곤(1단지),146.4,2024H2,2,184700.0,179900,189500
성남시 분당구,동양정자파라곤(1단지),146.4,2025H2,2,206000.0,199000,213000
성남시 분당구,동양정자파라곤(1단지),146.4,2026H1,1,205000.0,205000,205000
성남시 분당구,동양정자파라곤(1단지),166.4,2020H1,1,138000.0,138000,138000
성남시 분당구,동양정자파라곤(1단지),166.4,2020H2,1,150000.0,150000,150000
성남시 분당구,동양정자파라곤(1단지),166.4,2021H1,2,181500.0,179000,184000
성남시 분당구,동양정자파라곤(1단지),166.4,2022H1,1,191000.0,191000,191000
성남시 분당구,동양정자파라곤(1단지),166.4,2024H1,1,185000.0,185000,185000
성남시 분당구,동양정자파라곤(1단지),166.4,2025H1,1,203000.0,203000,203000
성남시 분당구,동양정자파라곤(1단지),166.4,2025H2,1,205000.0,205000,205000
성남시 분당구,동양정자파라곤(1단지),166.4,2026H1,2,208500.0,203500,213500
성남시 분당구,동양정자파라곤(1단지),193.8,2026H2,1,280000.0,280000,280000
성남시 분당구,동양정자파라곤(2단지),80.1,2020H2,1,122000.0,122000,122000
성남시 분당구,동양정자파라곤(2단지),80.1,2023H2,1,130000.0,130000,130000
성남시 분당구,동양정자파라곤(2단지),80.1,2024H1,2,132000.0,129000,135000
성남시 분당구,동양정자파라곤(2단지),80.1,2025H2,1,167000.0,167000,167000
성남시 분당구,동양정자파라곤(2단지),80.1,2026H1,1,188000.0,188000,188000
성남시 분당구,동양정자파라곤(2단지),85.0,2021H1,1,162500.0,162500,162500
성남시 분당구,동양정자파라곤(2단지),85.0,2022H1,1,160000.0,160000,160000
성남시 분당구,동양정자파라곤(2단지),85.0,2026H1,1,170000.0,170000,170000
성남시 분당구,동양정자파라곤(2단지),146.4,2020H1,1,136000.0,136000,136000
성남시 분당구,동양정자파라곤(2단지),146.4,2020H2,2,139000.0,137000,141000
성남시 분당구,동양정자파라곤(2단지),146.4,2021H1,1,173000.0,173000,173000
성남시 분당구,동양정자파라곤(2단지),146.4,2022H1,1,185000.0,185000,185000
성남시 분당구,동양정자파라곤(2단지),146.4,2023H1,2,169500.0,165000,174000
성남시 분당구,동양정자파라곤(2단지),146.4,2023H2,1,172500.0,172500,172500
성남시 분당구,동양정자파라곤(2단지),146.4,2024H1,2,180250.0,177500,183000
성남시 분당구,동양정자파라곤(2단지),146.4,2025H2,1,210000.0,210000,210000
성남시 분당구,동양정자파라곤(2단지),146.4,2026H1,1,210000.0,210000,210000
성남시 분당구,동양정자파라곤(2단지),166.4,2020H1,1,147500.0,147500,147500
성남시 분당구,동양정자파라곤(2단지),166.4,2020H2,2,157250.0,156700,157800
성남시 분당구,동양정자파라곤(2단지),166.4,2021H1,2,173000.0,170500,175500
성남시 분당구,동양정자파라곤(2단지),166.4,2022H1,2,185000.0,180000,190000
성남시 분당구,동양정자파라곤(2단지),166.4,2023H2,1,174500.0,174500,174500
성남시 분당구,동양정자파라곤(2단지),166.4,2024H1,1,179000.0,179000,179000
성남시 분당구,동양정자파라곤(2단지),166.4,2025H1,1,199000.0,199000,199000
성남시 분당구,동양정자파라곤(2단지),166.4,2026H1,1,231500.0,231500,231500
성남시 분당구,동양정자파라곤(2단지),193.8,2020H1,1,190000.0,190000,190000
성남시 분당구,동양정자파라곤(2단지),193.8,2021H1,1,253000.0,253000,253000
성남시 분당구,동양정자파라곤(3단지),80.1,2020H2,3,123000.0,115000,140000
성남시 분당구,동양정자파라곤(3단지),80.1,2023H2,1,130000.0,130000,130000
성남시 분당구,동양정자파라곤(3단지),80.1,2025H2,1,163000.0,163000,163000
성남시 분당구,동양정자파라곤(3단지),146.4,2020H1,1,140000.0,140000,140000
성남시 분당구,동양정자파라곤(3단지),146.4,2021H1,2,160500.0,152000,169000
성남시 분당구,동양정자파라곤(3단지),146.4,2022H1,1,185000.0,185000,185000
성남시 분당구,동양정자파라곤(3단지),146.4,2022H2,2,173000.0,165000,181000
성남시 분당구,동양정자파라곤(3단지),146.4,2023H1,1,160000.0,160000,160000
성남시 분당구,동양정자파라곤(3단지),146.4,2023H2,2,170000.0,169000,171000
성남시 분당구,동양정자파라곤(3단지),146.4,2024H1,2,176000.0,174000,178000
성남시 분당구,동양정자파라곤(3단지),146.4,2026H1,1,198000.0,198000,198000
성남시 분당구,동양정자파라곤(3단지),166.4,2020H1,1,105000.0,105000,105000
성남시 분당구,동양정자파라곤(3단지),166.4,2022H1,1,198000.0,198000,198000
성남시 분당구,동양정자파라곤(3단지),166.4,2022H2,1,194000.0,194000,194000
성남시 분당구,동양정자파라곤(3단지),166.4,2023H2,1,210000.0,210000,210000
성남시 분당구,동양정자파라곤(3단지),166.4,2025H1,2,208465.0,203930,213000
성남시 분당구,동양정자파라곤(3단지),166.4,2025H2,1,175000.0,175000,175000
성남시 분당구,동양정자파라곤(3단지),166.4,2026H1,1,205000.0,205000,205000
성남시 분당구,동양정자파라곤(3단지),193.8,2020H2,1,205000.0,205000,205000
성남시 분당구,산운마을11단지(판교포레라움),51.1,2020H1,11,70500.0,48950,78000
성남시 분당구,산운마을11단지(판교포레라움),51.1,2020H2,4,82750.0,71900,86800
성남시 분당구,산운마을11단지(판교포레라움),51.1,2021H1,1,94000.0,94000,94000
성남시 분당구,산운마을11단지(판교포레라움),51.1,2023H1,5,81500.0,77500,88000
성남시 분당구,산운마을11단지(판교포레라움),51.1,2023H2,3,89000.0,83000,93000
성남시 분당구,산운마을11단지(판교포레라움),51.1,2024H1,5,88000.0,87600,91500
성남시 분당구,산운마을11단지(판교포레라움),51.1,2024H2,3,91000.0,88500,92000
성남시 분당구,산운마을11단지(판교포레라움),51.1,2025H1,2,100250.0,100000,100500
성남시 분당구,산운마을11단지(판교포레라움),51.1,2025H2,3,117000.0,111000,125000
성남시 분당구,산운마을11단지(판교포레라움),51.1,2026H1,3,134500.0,132000,138000
성남시 분당구,산운마을11단지(판교포레라움),51.2,2020H1,16,72250.0,53000,75700
성남시 분당구,산운마을11단지(판교포레라움),51.2,2020H2,9,81000.0,70000,89500
성남시 분당구,산운마을11단지(판교포레라움),51.2,2021H1,1,99700.0,99700,99700
성남시 분당구,산운마을11단지(판교포레라움),51.2,2021H2,2,107650.0,107300,108000
성남시 분당구,산운마을11단지(판교포레라움),51.2,2022H1,1,104000.0,104000,104000
성남시 분당구,산운마을11단지(판교포레라움),51.2,2023H1,1,87000.0,87000,87000
성남시 분당구,산운마을11단지(판교포레라움),51.2,2024H1,4,87900.0,85000,90000
성남시 분당구,산운마을11단지(판교포레라움),51.2,2024H2,2,98900.0,98800,99000
성남시 분당구,산운마을11단지(판교포레라움),51.2,2025H1,10,103750.0,96500,107000
성남시 분당구,산운마을11단지(판교포레라움),51.2,2025H2,7,110000.0,75000,120000
성남시 분당구,산운마을11단지(판교포레라움),51.2,2026H1,5,135000.0,126000,139000
성남시 분당구,산운마을11단지(판교포레라움),51.2,2026H2,5,144800.0,138000,146000
성남시 분당구,산운마을11단지(판교포레라움),59.8,2020H1,25,83500.0,73500,88700
성남시 분당구,산운마을11단지(판교포레라움),59.8,2020H2,21,88000.0,75000,113800
성남시 분당구,산운마을11단지(판교포레라움),59.8,2021H1,6,114750.0,79200,119800
성남시 분당구,산운마을11단지(판교포레라움),59.8,2021H2,1,124650.0,124650,124650
성남시 분당구,산운마을11단지(판교포레라움),59.8,2022H1,2,119500.0,118000,121000
성남시 분당구,산운마을11단지(판교포레라움),59.8,2023H1,2,97750.0,95000,100500
성남시 분당구,산운마을11단지(판교포레라움),59.8,2023H2,2,104250.0,103500,105000
성남시 분당구,산운마을11단지(판교포레라움),59.8,2024H1,8,107750.0,69000,110000
성남시 분당구,산운마을11단지(판교포레라움),59.8,2024H2,13,112500.0,100000,121000
성남시 분당구,산운마을11단지(판교포레라움),59.8,2025H1,16,117500.0,110000,125000
성남시 분당구,산운마을11단지(판교포레라움),59.8,2025H2,10,126000.0,112700,141500
성남시 분당구,산운마을11단지(판교포레라움),59.8,2026H1,7,154500.0,139800,162000
성남시 분당구,산운마을11단지(판교포레라움),59.9,2020H1,20,82750.0,66800,89500
성남시 분당구,산운마을11단지(판교포레라움),59.9,2020H2,12,94250.0,63000,99900
성남시 분당구,산운마을11단지(판교포레라움),59.9,2021H1,2,119000.0,117000,121000
성남시 분당구,산운마을11단지(판교포레라움),59.9,2022H2,1,100000.0,100000,100000
성남시 분당구,산운마을11단지(판교포레라움),59.9,2023H1,2,102000.0,100000,104000
성남시 분당구,산운마을11단지(판교포레라움),59.9,2023H2,4,110000.0,99700,110000
성남시 분당구,산운마을11단지(판교포레라움),59.9,2024H1,7,108000.0,85000,113700
성남시 분당구,산운마을11단지(판교포레라움),59.9,2024H2,7,114000.0,112000,117800
성남시 분당구,산운마을11단지(판교포레라움),59.9,2025H1,8,120150.0,114700,122000
성남시 분당구,산운마을11단지(판교포레라움),59.9,2025H2,6,127000.0,123000,144000
성남시 분당구,산운마을11단지(판교포레라움),59.9,2026H1,4,151450.0,148500,159500
성남시 분당구,판교원마을1단지(파라곤),101.1,2020H1,6,119500.0,106800,123000
성남시 분당구,판교원마을1단지(파라곤),101.1,2020H2,4,140500.0,105000,147500
성남시 분당구,판교원마을1단지(파라곤),101.1,2021H1,1,152000.0,152000,152000
성남시 분당구,판교원마을1단지(파라곤),101.1,2021H2,1,155000.0,155000,155000
성남시 분당구,판교원마을1단지(파라곤),101.1,2022H1,1,160000.0,160000,160000
성남시 분당구,판교원마을1단지(파라곤),101.1,2023H2,2,147500.0,144000,151000
성남시 분당구,판교원마을1단지(파라곤),101.1,2024H1,1,165500.0,165500,165500
성남시 분당구,판교원마을1단지(파라곤),101.1,2024H2,3,160000.0,155000,164000
성남시 분당구,판교원마을1단지(파라곤),101.1,2025H1,2,154500.0,154000,155000
성남시 분당구,판교원마을1단지(파라곤),101.1,2025H2,6,163000.0,96000,179000
성남시 분당구,판교원마을1단지(파라곤),101.1,2026H1,4,175000.0,175000,179000
성남시 분당구,판교원마을1단지(파라곤),101.1,2026H2,2,185750.0,184000,187500
성남시 분당구,판교원마을1단지(파라곤),101.2,2020H1,4,121000.0,113000,124000
성남시 분당구,판교원마을1단지(파라곤),101.2,2020H2,2,132000.0,125000,139000
성남시 분당구,판교원마을1단지(파라곤),101.2,2021H1,1,160000.0,160000,160000
성남시 분당구,판교원마을1단지(파라곤),101.2,2021H2,1,158000.0,158000,158000
성남시 분당구,판교원마을1단지(파라곤),101.2,2024H1,2,157500.0,156000,159000
성남시 분당구,판교원마을1단지(파라곤),101.2,2024H2,1,161000.0,161000,161000
성남시 분당구,판교원마을1단지(파라곤),101.2,2025H1,2,158000.0,156000,160000
성남시 분당구,판교원마을1단지(파라곤),101.2,2025H2,4,163750.0,159000,168000
성남시 분당구,판교원마을1단지(파라곤),118.6,2020H1,3,135000.0,132000,137000
성남시 분당구,판교원마을1단지(파라곤),118.6,2020H2,2,145000.0,142000,148000
성남시 분당구,판교원마을1단지(파라곤),118.6,2022H1,1,174500.0,174500,174500
성남시 분당구,판교원마을1단지(파라곤),118.6,2023H1,2,153000.0,135000,171000
성남시 분당구,판교원마을1단지(파라곤),118.6,2024H2,1,185000.0,185000,185000
성남시 분당구,판교원마을1단지(파라곤),118.6,2025H1,2,178500.0,177000,180000
성남시 분당구,판교원마을1단지(파라곤),118.6,2025H2,1,215000.0,215000,215000
성남시 분당구,판교원마을1단지(파라곤),118.6,2026H1,2,190500.0,185000,196000
성남시 분당구,판교원마을1단지(파라곤),118.9,2020H1,4,130000.0,127000,134500
성남시 분당구,판교원마을1단지(파라곤),118.9,2020H2,2,146750.0,143500,150000
성남시 분당구,판교원마을1단지(파라곤),118.9,2023H1,1,160000.0,160000,160000
성남시 분당구,판교원마을1단지(파라곤),118.9,2023H2,3,161000.0,161000,164000
성남시 분당구,판교원마을1단지(파라곤),118.9,2024H1,2,159500.0,158000,161000
성남시 분당구,판교원마을1단지(파라곤),118.9,2024H2,1,182000.0,182000,182000
성남시 분당구,판교원마을1단지(파라곤),118.9,2026H1,1,195000.0,195000,195000
성남시 분당구,판교원마을1단지(파라곤),151.9,2020H2,1,225000.0,225000,225000
성남시 분당구,판교원마을1단지(파라곤),153.6,2024H2,1,235000.0,235000,235000
성남시 수정구,산성역포레스티아,59.8,2020H2,3,105000.0,98000,105000
성남시 수정구,산성역포레스티아,59.8,2021H1,5,105000.0,105000,114000
성남시 수정구,산성역포레스티아,59.8,2021H2,6,110125.0,106000,114500
성남시 수정구,산성역포레스티아,59.8,2022H2,4,81500.0,70500,89500
성남시 수정구,산성역포레스티아,59.8,2023H1,32,82150.0,73500,88000
성남시 수정구,산성역포레스티아,59.8,2023H2,11,89000.0,85000,90000
성남시 수정구,산성역포레스티아,59.8,2024H1,38,90800.0,82200,96900
성남시 수정구,산성역포레스티아,59.8,2024H2,12,101500.0,95000,107000
성남시 수정구,산성역포레스티아,59.8,2025H1,24,104250.0,99500,113000
성남시 수정구,산성역포레스티아,59.8,2025H2,29,115000.0,104000,125000
성남시 수정구,산성역포레스티아,59.8,2026H1,19,134000.0,76100,144500
성남시 수정구,산성역포레스티아,59.8,2026H2,13,146000.0,135000,150000
성남시 수정구,산성역포레스티아,67.9,2020H1,3,86500.0,86000,95467
성남시 수정구,산성역포레스티아,67.9,2021H1,9,110000.0,70000,116000
성남시 수정구,산성역포레스티아,67.9,2021H2,6,118200.0,113700,120000
성남시 수정구,산성역포레스티아,67.9,2022H1,1,112700.0,112700,112700
성남시 수정구,산성역포레스티아,67.9,2022H2,2,81850.0,78700,85000
성남시 수정구,산성역포레스티아,67.9,2023H1,23,85000.0,53100,92000
성남시 수정구,산성역포레스티아,67.9,2023H2,6,93450.0,92000,96000
성남시 수정구,산성역포레스티아,67.9,2024H1,13,96000.0,91800,100000
성남시 수정구,산성역포레스티아,67.9,2024H2,7,103000.0,100200,110000
성남시 수정구,산성역포레스티아,67.9,2025H1,16,109000.0,104000,114800
성남시 수정구,산성역포레스티아,67.9,2025H2,22,117000.0,110000,132800
성남시 수정구,산성역포레스티아,67.9,2026H1,20,135000.0,132000,150000
성남시 수정구,산성역포레스티아,67.9,2026H2,4,146500.0,136000,154000
성남시 수정구,산성역포레스티아,75.0,2020H2,2,104600.0,99200,110000
성남시 수정구,산성역포레스티아,75.0,2021H1,12,117000.0,114000,124000
성남시 수정구,산성역포레스티아,75.0,2021H2,8,126350.0,56010,133000
성남시 수정구,산성역포레스티아,75.0,2022H1,4,121475.0,116000,122000
성남시 수정구,산성역포레스티아,75.0,2022H2,19,85000.0,81000,116000
성남시 수정구,산성역포레스티아,75.0,2023H1,80,92500.0,60000,100000
성남시 수정구,산성역포레스티아,75.0,2023H2,39,99000.0,90000,105000
성남시 수정구,산성역포레스티아,75.0,2024H1,84,102000.0,70200,110000
성남시 수정구,산성역포레스티아,75.0,2024H2,30,111000.0,77000,116300
성남시 수정구,산성역포레스티아,75.0,2025H1,92,114900.0,80000,125000
성남시 수정구,산성역포레스티아,75.0,2025H2,80,125000.0,113000,144000
성남시 수정구,산성역포레스티아,75.0,2026H1,57,145000.0,118000,152700
성남시 수정구,산성역포레스티아,75.0,2026H2,19,154000.0,141500,161000
성남시 수정구,산성역포레스티아,84.8,2023H1,1,125000.0,125000,125000
성남시 수정구,산성역포레스티아,84.8,2023H2,2,126500.0,125000,128000
성남시 수정구,산성역포레스티아,84.8,2024H1,1,137000.0,137000,137000
성남시 수정구,산성역포레스티아,84.8,2024H2,1,140000.0,140000,140000
성남시 수정구,산성역포레스티아,84.8,2025H2,1,148000.0,148000,148000
성남시 수정구,산성역포레스티아,84.9,2020H2,3,127000.0,120000,127000
성남시 수정구,산성역포레스티아,84.9,2021H1,4,132500.0,127500,141000
성남시 수정구,산성역포레스티아,84.9,2021H2,5,134000.0,132000,144500
성남시 수정구,산성역포레스티아,84.9,2022H1,2,147500.0,125000,170000
성남시 수정구,산성역포레스티아,84.9,2022H2,3,103500.0,97500,103500
성남시 수정구,산성역포레스티아,84.9,2023H1,23,100000.0,75000,112000
성남시 수정구,산성역포레스티아,84.9,2023H2,15,115000.0,106000,120000
성남시 수정구,산성역포레스티아,84.9,2024H1,18,113650.0,108500,120000
성남시 수정구,산성역포레스티아,84.9,2024H2,10,120500.0,110600,165000
성남시 수정구,산성역포레스티아,84.9,2025H1,18,124000.0,120000,133000
성남시 수정구,산성역포레스티아,84.9,2025H2,21,135000.0,104000,171000
성남시 수정구,산성역포레스티아,84.9,2026H1,25,152000.0,110100,170000
성남시 수정구,산성역포레스티아,84.9,2026H2,2,158750.0,157500,160000
성남시 수정구,산성역포레스티아,85.0,2021H1,3,133500.0,133000,135000
성남시 수정구,산성역포레스티아,85.0,2021H2,2,140650.0,140000,141300
성남시 수정구,산성역포레스티아,85.0,2022H1,1,83000.0,83000,83000
성남시 수정구,산성역포레스티아,85.0,2022H2,4,100500.0,91000,120000
성남시 수정구,산성역포레스티아,85.0,2023H1,11,103800.0,97200,111000
성남시 수정구,산성역포레스티아,85.0,2023H2,5,114500.0,113000,150000
성남시 수정구,산성역포레스티아,85.0,2024H1,11,115000.0,113700,117000
성남시 수정구,산성역포레스티아,85.0,2024H2,4,121000.0,100000,125000
성남시 수정구,산성역포레스티아,85.0,2025H1,5,130500.0,129000,132000
성남시 수정구,산성역포레스티아,85.0,2025H2,12,139750.0,135000,153000
성남시 수정구,산성역포레스티아,85.0,2026H1,7,153500.0,146500,160000
성남시 수정구,산성역포레스티아,85.0,2026H2,3,158000.0,157000,168000
성남시 수정구,산성역포레스티아,98.7,2021H1,2,144750.0,140000,149500
성남시 수정구,산성역포레스티아,98.7,2022H2,1,119000.0,119000,119000
성남시 수정구,산성역포레스티아,98.7,2023H1,3,121000.0,110000,130000
성남시 수정구,산성역포레스티아,98.7,2024H1,1,122000.0,122000,122000
성남시 수정구,산성역포레스티아,98.7,2024H2,4,136750.0,131000,138000
성남시 수정구,산성역포레스티아,98.7,2025H2,2,145995.0,142000,149990
성남시 수정구,산성역포레스티아,98.7,2026H1,5,159000.0,145000,164500
성남시 수정구,산성역포레스티아,98.7,2026H2,2,154250.0,149000,159500
화성시,그린힐 반도유보라 아이비파크 10(1단지),59.8,2020H1,34,33900.0,29000,43000
화성시,그린힐 반도유보라 아이비파크 10(1단지),59.8,2020H2,25,44000.0,39900,46250
화성시,그린힐 반도유보라 아이비파크 10(1단지),59.8,2021H1,40,47500.0,43300,53200
화성시,그린힐 반도유보라 아이비파크 10(1단지),59.8,2021H2,26,53250.0,47000,61300
화성시,그린힐 반도유보라 아이비파크 10(1단지),59.8,2022H1,2,47250.0,45000,49500
화성시,그린힐 반도유보라 아이비파크 10(1단지),59.8,2022H2,12,42400.0,37100,46000
화성시,그린힐 반도유보라 아이비파크 10(1단지),59.8,2023H1,22,39050.0,30500,43200
화성시,그린힐 반도유보라 아이비파크 10(1단지),59.8,2023H2,10,44900.0,43000,46000
화성시,그린힐 반도유보라 아이비파크 10(1단지),59.8,2024H1,16,42000.0,40000,44500
화성시,그린힐 반도유보라 아이비파크 10(1단지),59.8,2024H2,21,42700.0,41700,45000
화성시,그린힐 반도유보라 아이비파크 10(1단지),59.8,2025H1,24,41750.0,39000,44200
화성시,그린힐 반도유보라 아이비파크 10(1단지),59.8,2025H2,32,41000.0,38750,43000
화성시,그린힐 반도유보라 아이비파크 10(1단지),59.8,2026H1,51,42500.0,32200,46600
화성시,그린힐 반도유보라 아이비파크 10(1단지),59.8,2026H2,7,47500.0,41800,50000
화성시,그린힐 반도유보라 아이비파크 10(1단지),59.9,2020H1,2,32000.0,31000,33000
화성시,그린힐 반도유보라 아이비파크 10(1단지),59.9,2020H2,3,41300.0,41000,43000
화성시,그린힐 반도유보라 아이비파크 10(1단지),59.9,2021H1,7,45900.0,42950,47000
화성시,그린힐 반도유보라 아이비파크 10(1단지),59.9,2021H2,2,51000.0,49000,53000
화성시,그린힐 반도유보라 아이비파크 10(1단지),59.9,2022H1,1,48000.0,48000,48000
화성시,그린힐 반도유보라 아이비파크 10(1단지),59.9,2022H2,3,35000.0,35000,40000
화성시,그린힐 반도유보라 아이비파크 10(1단지),59.9,2023H1,3,37500.0,37000,39000
화성시,그린힐 반도유보라 아이비파크 10(1단지),59.9,2023H2,3,43500.0,42700,44000
화성시,그린힐 반도유보라 아이비파크 10(1단지),59.9,2024H1,3,40800.0,40800,47000
화성시,그린힐 반도유보라 아이비파크 10(1단지),59.9,2024H2,1,42000.0,42000,42000
화성시,그린힐 반도유보라 아이비파크 10(1단지),59.9,2025H1,4,39800.0,34000,40500
화성시,그린힐 반도유보라 아이비파크 10(1단지),59.9,2025H2,5,40000.0,39500,42400
화성시,그린힐 반도유보라 아이비파크 10(1단지),59.9,2026H1,13,40500.0,39000,44500
화성시,그린힐 반도유보라 아이비파크 10(1단지),59.9,2026H2,2,46150.0,42800,49500
화성시,그린힐 반도유보라 아이비파크 10(1단지),74.1,2020H1,23,39900.0,33000,46000
화성시,그린힐 반도유보라 아이비파크 10(1단지),74.1,2020H2,15,49700.0,46000,51500
화성시,그린힐 반도유보라 아이비파크 10(1단지),74.1,2021H1,28,52500.0,49300,59900
화성시,그린힐 반도유보라 아이비파크 10(1단지),74.1,2021H2,18,59450.0,52700,69500
화성시,그린힐 반도유보라 아이비파크 10(1단지),74.1,2022H1,3,55000.0,54000,64600
화성시,그린힐 반도유보라 아이비파크 10(1단지),74.1,2022H2,2,41250.0,39500,43000
화성시,그린힐 반도유보라 아이비파크 10(1단지),74.1,2023H1,18,44500.0,40500,49500
화성시,그린힐 반도유보라 아이비파크 10(1단지),74.1,2023H2,6,49950.0,48900,53000
화성시,그린힐 반도유보라 아이비파크 10(1단지),74.1,2024H1,4,47750.0,47000,50000
화성시,그린힐 반도유보라 아이비파크 10(1단지),74.1,2024H2,12,47150.0,45000,50000
화성시,그린힐 반도유보라 아이비파크 10(1단지),74.1,2025H1,15,46200.0,43300,48500
화성시,그린힐 반도유보라 아이비파크 10(1단지),74.1,2025H2,29,44700.0,33000,49000
화성시,그린힐 반도유보라 아이비파크 10(1단지),74.1,2026H1,23,47300.0,43000,52500
화성시,그린힐 반도유보라 아이비파크 10(1단지),74.1,2026H2,2,53400.0,53000,53800
화성시,그린힐 반도유보라 아이비파크 10(1단지),85.0,2020H1,6,49250.0,46000,53000
화성시,그린힐 반도유보라 아이비파크 10(1단지),85.0,2020H2,2,54550.0,52500,56600
화성시,그린힐 반도유보라 아이비파크 10(1단지),85.0,2021H1,5,59000.0,57000,59400
화성시,그린힐 반도유보라 아이비파크 10(1단지),85.0,2021H2,2,63900.0,62800,65000
화성시,그린힐 반도유보라 아이비파크 10(1단지),85.0,2022H1,1,55000.0,55000,55000
화성시,그린힐 반도유보라 아이비파크 10(1단지),85.0,2023H1,5,49500.0,40000,51000
화성시,그린힐 반도유보라 아이비파크 10(1단지),85.0,2023H2,2,50750.0,50500,51000
화성시,그린힐 반도유보라 아이비파크 10(1단지),85.0,2024H1,6,51350.0,50000,52250
화성시,그린힐 반도유보라 아이비파크 10(1단지),85.0,2024H2,4,51550.0,49000,52000
화성시,그린힐 반도유보라 아이비파크 10(1단지),85.0,2025H1,2,49400.0,49000,49800
화성시,그린힐 반도유보라 아이비파크 10(1단지),85.0,2025H2,8,49350.0,46500,51250
화성시,그린힐 반도유보라 아이비파크 10(1단지),85.0,2026H1,14,50000.0,36750,54000
화성시,그린힐 반도유보라 아이비파크 10(1단지),85.0,2026H2,4,54400.0,53500,55000
화성시,나루마을월드메르디앙반도유보라,102.0,2020H1,8,51500.0,43000,57800
화성시,나루마을월드메르디앙반도유보라,102.0,2021H1,12,69500.0,59000,74200
화성시,나루마을월드메르디앙반도유보라,102.0,2021H2,6,75500.0,60500,78000
화성시,나루마을월드메르디앙반도유보라,102.0,2022H2,2,66000.0,65000,67000
화성시,나루마을월드메르디앙반도유보라,102.0,2023H1,3,54000.0,52000,61500
화성시,나루마을월드메르디앙반도유보라,102.0,2023H2,2,64500.0,62000,67000
화성시,나루마을월드메르디앙반도유보라,102.0,2024H2,2,69750.0,67000,72500
화성시,나루마을월드메르디앙반도유보라,102.0,2025H1,2,68900.0,67800,70000
화성시,나루마을월드메르디앙반도유보라,102.0,2025H2,5,73500.0,67000,79000
화성시,나루마을월드메르디앙반도유보라,102.0,2026H1,5,73000.0,69900,75000
화성시,나루마을월드메르디앙반도유보라,110.7,2020H1,7,52000.0,50000,59500
화성시,나루마을월드메르디앙반도유보라,110.7,2020H2,3,64500.0,60000,66000
화성시,나루마을월드메르디앙반도유보라,110.7,2021H1,5,71500.0,69000,77000
화성시,나루마을월드메르디앙반도유보라,110.7,2022H1,1,70000.0,70000,70000
화성시,나루마을월드메르디앙반도유보라,110.7,2024H1,4,68650.0,68000,70900
화성시,나루마을월드메르디앙반도유보라,110.7,2025H1,1,74500.0,74500,74500
화성시,나루마을월드메르디앙반도유보라,110.7,2025H2,5,75400.0,74000,78000
화성시,나루마을월드메르디앙반도유보라,110.7,2026H1,7,76500.0,73000,82000
화성시,나루마을월드메르디앙반도유보라,116.0,2020H1,4,56000.0,49000,63800
화성시,나루마을월드메르디앙반도유보라,116.0,2020H2,10,64750.0,59900,69500
화성시,나루마을월드메르디앙반도유보라,116.0,2021H1,6,77500.0,70500,81500
화성시,나루마을월드메르디앙반도유보라,116.0,2021H2,7,83000.0,70500,87000
화성시,나루마을월드메르디앙반도유보라,116.0,2022H2,2,70250.0,70000,70500
화성시,나루마을월드메르디앙반도유보라,116.0,2023H1,4,67000.0,65000,69000
화성시,나루마을월드메르디앙반도유보라,116.0,2023H2,4,70500.0,70000,86800
화성시,나루마을월드메르디앙반도유보라,116.0,2024H1,3,72000.0,68750,72600
화성시,나루마을월드메르디앙반도유보라,116.0,2024H2,2,80000.0,74000,86000
화성시,나루마을월드메르디앙반도유보라,116.0,2025H1,6,75000.0,72500,79000
화성시,나루마을월드메르디앙반도유보라,116.0,2025H2,8,77000.0,74300,82500
화성시,나루마을월드메르디앙반도유보라,116.0,2026H1,10,83750.0,79500,92000
화성시,나루마을월드메르디앙반도유보라,139.5,2020H1,2,62500.0,55000,70000
화성시,나루마을월드메르디앙반도유보라,139.5,2020H2,4,74875.0,69500,87500
화성시,나루마을월드메르디앙반도유보라,139.5,2021H2,1,104500.0,104500,104500
화성시,나루마을월드메르디앙반도유보라,139.5,2023H1,4,69900.0,65000,77000
화성시,나루마을월드메르디앙반도유보라,139.5,2024H1,3,83000.0,81000,83000
화성시,나루마을월드메르디앙반도유보라,139.5,2024H2,2,71500.0,60000,83000
화성시,나루마을월드메르디앙반도유보라,139.5,2025H1,2,81250.0,75000,87500
화성시,나루마을월드메르디앙반도유보라,139.5,2025H2,2,92500.0,91500,93500
화성시,나루마을월드메르디앙반도유보라,139.5,2026H1,6,97750.0,62000,107000
화성시,나루마을월드메르디앙반도유보라,167.0,2020H1,2,65000.0,63000,67000
화성시,나루마을월드메르디앙반도유보라,167.0,2020H2,3,63000.0,47000,78000
화성시,나루마을월드메르디앙반도유보라,167.0,2021H2,1,105000.0,105000,105000
화성시,나루마을월드메르디앙반도유보라,167.0,2024H2,1,109500.0,109500,109500
화성시,나루마을월드메르디앙반도유보라,167.0,2025H1,1,109000.0,109000,109000
화성시,나루마을월드메르디앙반도유보라,167.0,2025H2,1,109000.0,109000,109000
화성시,나루마을월드메르디앙반도유보라,167.0,2026H1,2,87000.0,77000,97000
화성시,동탄시범다은마을 월드메르디앙 반도유보라,59.1,2020H1,61,45000.0,34000,51700
화성시,동탄시범다은마을 월드메르디앙 반도유보라,59.1,2020H2,74,50000.0,43000,59500
화성시,동탄시범다은마을 월드메르디앙 반도유보라,59.1,2021H1,30,63450.0,49850,66300
화성시,동탄시범다은마을 월드메르디앙 반도유보라,59.1,2021H2,36,65950.0,60500,70900
화성시,동탄시범다은마을 월드메르디앙 반도유보라,59.1,2022H1,11,61000.0,53500,70000
화성시,동탄시범다은마을 월드메르디앙 반도유보라,59.1,2022H2,14,46750.0,39500,60500
화성시,동탄시범다은마을 월드메르디앙 반도유보라,59.1,2023H1,41,48300.0,35400,59500
화성시,동탄시범다은마을 월드메르디앙 반도유보라,59.1,2023H2,28,56475.0,52500,59000
화성시,동탄시범다은마을 월드메르디앙 반도유보라,59.1,2024H1,31,58000.0,50000,62000
화성시,동탄시범다은마을 월드메르디앙 반도유보라,59.1,2024H2,32,61000.0,53500,64000
화성시,동탄시범다은마을 월드메르디앙 반도유보라,59.1,2025H1,48,62500.0,52500,66500
화성시,동탄시범다은마을 월드메르디앙 반도유보라,59.1,2025H2,54,65500.0,57000,72000
화성시,동탄시범다은마을 월드메르디앙 반도유보라,59.1,2026H1,51,71000.0,46000,90000
화성시,동탄시범다은마을 월드메르디앙 반도유보라,59.1,2026H2,5,90900.0,86300,91000
화성시,동탄시범다은마을 월드메르디앙 반도유보라,76.0,2020H1,4,53600.0,50000,55500
화성시,동탄시범다은마을 월드메르디앙 반도유보라,76.0,2020H2,3,62500.0,59800,63000
화성시,동탄시범다은마을 월드메르디앙 반도유보라,76.0,2021H1,1,74000.0,74000,74000
화성시,동탄시범다은마을 월드메르디앙 반도유보라,76.0,2021H2,2,75750.0,74700,76800
화성시,동탄시범다은마을 월드메르디앙 반도유보라,76.0,2023H1,2,61500.0,61500,61500
화성시,동탄시범다은마을 월드메르디앙 반도유보라,76.0,2024H1,2,66350.0,65500,67200
화성시,동탄시범다은마을 월드메르디앙 반도유보라,76.0,2024H2,1,68000.0,68000,68000
화성시,동탄시범다은마을 월드메르디앙 반도유보라,76.0,2025H2,1,77000.0,77000,77000
화성시,동탄시범다은마을 월드메르디앙 반도유보라,76.0,2026H1,4,78500.0,77400,80000
화성시,동탄시범다은마을 월드메르디앙 반도유보라,76.8,2020H1,15,54700.0,44500,58500
화성시,동탄시범다은마을 월드메르디앙 반도유보라,76.8,2020H2,15,59500.0,54000,70000
화성시,동탄시범다은마을 월드메르디앙 반도유보라,76.8,2021H1,7,75700.0,74250,78000
화성시,동탄시범다은마을 월드메르디앙 반도유보라,76.8,2021H2,10,76750.0,73000,77900
화성시,동탄시범다은마을 월드메르디앙 반도유보라,76.8,2022H1,2,72250.0,67500,77000
화성시,동탄시범다은마을 월드메르디앙 반도유보라,76.8,2022H2,1,60000.0,60000,60000
화성시,동탄시범다은마을 월드메르디앙 반도유보라,76.8,2023H1,9,55000.0,50000,63500
화성시,동탄시범다은마을 월드메르디앙 반도유보라,76.8,2023H2,8,64250.0,60000,68000
화성시,동탄시범다은마을 월드메르디앙 반도유보라,76.8,2024H1,10,67250.0,57500,75000
화성시,동탄시범다은마을 월드메르디앙 반도유보라,76.8,2024H2,8,71350.0,69000,78000
화성시,동탄시범다은마을 월드메르디앙 반도유보라,76.8,2025H1,12,71500.0,68000,75700
화성시,동탄시범다은마을 월드메르디앙 반도유보라,76.8,2025H2,13,73000.0,70000,75700
화성시,동탄시범다은마을 월드메르디앙 반도유보라,76.8,2026H1,9,79900.0,70800,97000
화성시,동탄시범다은마을 월드메르디앙 반도유보라,84.6,2020H1,8,61500.0,50800,67800
화성시,동탄시범다은마을 월드메르디앙 반도유보라,84.6,2020H2,17,71500.0,67000,79500
화성시,동탄시범다은마을 월드메르디앙 반도유보라,84.6,2021H1,1,82000.0,82000,82000
화성시,동탄시범다은마을 월드메르디앙 반도유보라,84.6,2021H2,9,86000.0,83000,98000
화성시,동탄시범다은마을 월드메르디앙 반도유보라,84.6,2023H1,4,69900.0,68000,70000
화성시,동탄시범다은마을 월드메르디앙 반도유보라,84.6,2023H2,7,71000.0,70000,75500
화성시,동탄시범다은마을 월드메르디앙 반도유보라,84.6,2024H1,8,76750.0,70000,79000
화성시,동탄시범다은마을 월드메르디앙 반도유보라,84.6,2024H2,8,79350.0,78000,82000
화성시,동탄시범다은마을 월드메르디앙 반도유보라,84.6,2025H1,6,83500.0,80800,88000
화성시,동탄시범다은마을 월드메르디앙 반도유보라,84.6,2025H2,10,83975.0,78000,90000
화성시,동탄시범다은마을 월드메르디앙 반도유보라,84.6,2026H1,11,94500.0,70000,99800
화성시,동탄시범다은마을 월드메르디앙 반도유보라,84.7,2020H1,6,65250.0,51000,70000
화성시,동탄시범다은마을 월드메르디앙 반도유보라,84.7,2020H2,4,70500.0,68000,76500
화성시,동탄시범다은마을 월드메르디앙 반도유보라,84.7,2021H1,7,88500.0,86000,90500
화성시,동탄시범다은마을 월드메르디앙 반도유보라,84.7,2021H2,9,90000.0,86500,95000
화성시,동탄시범다은마을 월드메르디앙 반도유보라,84.7,2022H2,2,80000.0,80000,80000
화성시,동탄시범다은마을 월드메르디앙 반도유보라,84.7,2023H1,6,69850.0,68000,71500
화성시,동탄시범다은마을 월드메르디앙 반도유보라,84.7,2023H2,6,73400.0,69500,79000
화성시,동탄시범다은마을 월드메르디앙 반도유보라,84.7,2024H1,8,75750.0,72000,82500
화성시,동탄시범다은마을 월드메르디앙 반도유보라,84.7,2024H2,4,82500.0,74400,84500
화성시,동탄시범다은마을 월드메르디앙 반도유보라,84.7,2025H1,2,80500.0,77000,84000
화성시,동탄시범다은마을 월드메르디앙 반도유보라,84.7,2025H2,9,86800.0,73500,88500
화성시,동탄시범다은마을 월드메르디앙 반도유보라,84.7,2026H1,20,90900.0,67000,100000
화성시,동탄시범다은마을 월드메르디앙 반도유보라,84.7,2026H2,1,107500.0,107500,107500
화성시,동탄역 반도유보라 아이비파크 8.0,73.4,2020H2,2,97500.0,95000,100000
화성시,동탄역 반도유보라 아이비파크 8.0,73.4,2021H1,1,105000.0,105000,105000
화성시,동탄역 반도유보라 아이비파크 8.0,73.4,2021H2,1,118000.0,118000,118000
화성시,동탄역 반도유보라 아이비파크 8.0,73.4,2022H1,1,110000.0,110000,110000
화성시,동탄역 반도유보라 아이비파크 8.0,73.4,2022H2,1,75000.0,75000,75000
화성시,동탄역 반도유보라 아이비파크 8.0,73.4,2023H1,3,73300.0,72000,84900
화성시,동탄역 반도유보라 아이비파크 8.0,73.4,2023H2,9,94000.0,88000,103500
화성시,동탄역 반도유보라 아이비파크 8.0,73.4,2024H1,5,94500.0,91000,98000
화성시,동탄역 반도유보라 아이비파크 8.0,73.4,2024H2,1,95000.0,95000,95000
화성시,동탄역 반도유보라 아이비파크 8.0,73.4,2025H1,5,98000.0,94500,104000
화성시,동탄역 반도유보라 아이비파크 8.0,73.4,2025H2,9,104000.0,99900,109500
화성시,동탄역 반도유보라 아이비파크 8.0,73.4,2026H1,11,119500.0,104000,138000
화성시,동탄역 반도유보라 아이비파크 8.0,73.7,2020H1,1,87500.0,87500,87500
화성시,동탄역 반도유보라 아이비파크 8.0,73.7,2020H2,5,97200.0,93000,100000
화성시,동탄역 반도유보라 아이비파크 8.0,73.7,2021H2,2,114000.0,110000,118000
화성시,동탄역 반도유보라 아이비파크 8.0,73.7,2022H1,1,103500.0,103500,103500
화성시,동탄역 반도유보라 아이비파크 8.0,73.7,2022H2,2,77000.0,75000,79000
화성시,동탄역 반도유보라 아이비파크 8.0,73.7,2023H1,5,84500.0,78700,89500
화성시,동탄역 반도유보라 아이비파크 8.0,73.7,2023H2,6,97000.0,90900,102000
화성시,동탄역 반도유보라 아이비파크 8.0,73.7,2024H1,2,95500.0,90000,101000
화성시,동탄역 반도유보라 아이비파크 8.0,73.7,2024H2,5,96000.0,95000,98000
화성시,동탄역 반도유보라 아이비파크 8.0,73.7,2025H1,13,98800.0,92800,105300
화성시,동탄역 반도유보라 아이비파크 8.0,73.7,2025H2,9,106500.0,100000,115000
화성시,동탄역 반도유보라 아이비파크 8.0,73.7,2026H1,14,121500.0,109000,147000
화성시,동탄역 반도유보라 아이비파크 8.0,76.2,2020H1,1,84200.0,84200,84200
화성시,동탄역 반도유보라 아이비파크 8.0,76.2,2020H2,2,101900.0,97800,106000
화성시,동탄역 반도유보라 아이비파크 8.0,76.2,2021H1,1,116000.0,116000,116000
화성시,동탄역 반도유보라 아이비파크 8.0,76.2,2021H2,1,97000.0,97000,97000
화성시,동탄역 반도유보라 아이비파크 8.0,76.2,2022H2,4,76000.0,70000,85000
화성시,동탄역 반도유보라 아이비파크 8.0,76.2,2023H2,2,91250.0,87500,95000
화성시,동탄역 반도유보라 아이비파크 8.0,76.2,2024H1,2,95250.0,93000,97500
화성시,동탄역 반도유보라 아이비파크 8.0,76.2,2025H1,1,100500.0,100500,100500
화성시,동탄역 반도유보라 아이비파크 8.0,76.2,2025H2,5,110000.0,95000,115700
화성시,동탄역 반도유보라 아이비파크 8.0,76.2,2026H1,6,116300.0,108000,129500
화성시,동탄역 반도유보라 아이비파크 8.0,86.2,2020H1,1,92800.0,92800,92800
화성시,동탄역 반도유보라 아이비파크 8.0,86.2,2020H2,6,116250.0,112500,120000
화성시,동탄역 반도유보라 아이비파크 8.0,86.2,2021H1,1,131500.0,131500,131500
화성시,동탄역 반도유보라 아이비파크 8.0,86.2,2021H2,4,139500.0,129500,144700
화성시,동탄역 반도유보라 아이비파크 8.0,86.2,2022H1,1,127500.0,127500,127500
화성시,동탄역 반도유보라 아이비파크 8.0,86.2,2023H1,4,98350.0,92800,110000
화성시,동탄역 반도유보라 아이비파크 8.0,86.2,2023H2,1,104500.0,104500,104500
화성시,동탄역 반도유보라 아이비파크 8.0,86.2,2024H1,1,116000.0,116000,116000
화성시,동탄역 반도유보라 아이비파크 8.0,86.2,2024H2,3,114500.0,114000,116500
화성시,동탄역 반도유보라 아이비파크 8.0,86.2,2025H1,8,112500.0,91000,117000
화성시,동탄역 반도유보라 아이비파크 8.0,86.2,2025H2,6,121750.0,103500,130000
화성시,동탄역 반도유보라 아이비파크 8.0,86.2,2026H1,13,133000.0,125000,150000
화성시,동탄역 반도유보라 아이비파크5.0,59.9,2020H1,1,62700.0,62700,62700
화성시,동탄역 반도유보라 아이비파크5.0,59.9,2020H2,6,76750.0,70000,78000
화성시,동탄역 반도유보라 아이비파크5.0,59.9,2021H1,2,87750.0,87500,88000
화성시,동탄역 반도유보라 아이비파크5.0,59.9,2021H2,3,90000.0,87000,96800
화성시,동탄역 반도유보라 아이비파크5.0,59.9,2022H1,1,76000.0,76000,76000
화성시,동탄역 반도유보라 아이비파크5.0,59.9,2022H2,5,62000.0,59900,65000
화성시,동탄역 반도유보라 아이비파크5.0,59.9,2023H1,5,73000.0,64000,74800
화성시,동탄역 반도유보라 아이비파크5.0,59.9,2023H2,7,75000.0,74700,78900
화성시,동탄역 반도유보라 아이비파크5.0,59.9,2024H1,4,79075.0,74500,79900
화성시,동탄역 반도유보라 아이비파크5.0,59.9,2024H2,5,81800.0,78250,83000
화성시,동탄역 반도유보라 아이비파크5.0,59.9,2025H1,4,84000.0,83000,84800
화성시,동탄역 반도유보라 아이비파크5.0,59.9,2025H2,9,85000.0,63000,94000
화성시,동탄역 반도유보라 아이비파크5.0,59.9,2026H1,15,95000.0,89800,117000
화성시,동탄역 반도유보라 아이비파크5.0,74.4,2020H1,3,79000.0,78200,80000
화성시,동탄역 반도유보라 아이비파크5.0,74.4,2020H2,3,88000.0,84000,89000
화성시,동탄역 반도유보라 아이비파크5.0,74.4,2021H1,5,99000.0,89300,101000
화성시,동탄역 반도유보라 아이비파크5.0,74.4,2022H2,1,90000.0,90000,90000
화성시,동탄역 반도유보라 아이비파크5.0,74.4,2023H1,2,81500.0,74500,88500
화성시,동탄역 반도유보라 아이비파크5.0,74.4,2023H2,2,86950.0,83000,90900
화성시,동탄역 반도유보라 아이비파크5.0,74.4,2024H1,4,85000.0,85000,86000
화성시,동탄역 반도유보라 아이비파크5.0,74.4,2024H2,3,88000.0,86500,89600
화성시,동탄역 반도유보라 아이비파크5.0,74.4,2025H1,3,91000.0,90500,91500
화성시,동탄역 반도유보라 아이비파크5.0,74.4,2025H2,10,91150.0,89700,95000
화성시,동탄역 반도유보라 아이비파크5.0,74.4,2026H1,12,99400.0,95000,108700
화성시,동탄역 반도유보라 아이비파크5.0,74.4,2026H2,1,130000.0,130000,130000
화성시,동탄역 반도유보라 아이비파크5.0,85.0,2020H1,6,84350.0,79000,90000
화성시,동탄역 반도유보라 아이비파크5.0,85.0,2020H2,4,96000.0,93000,99000
화성시,동탄역 반도유보라 아이비파크5.0,85.0,2021H1,3,116500.0,105000,119500
화성시,동탄역 반도유보라 아이비파크5.0,85.0,2021H2,3,116300.0,110000,125000
화성시,동탄역 반도유보라 아이비파크5.0,85.0,2022H2,1,100000.0,100000,100000
화성시,동탄역 반도유보라 아이비파크5.0,85.0,2023H1,1,90000.0,90000,90000
화성시,동탄역 반도유보라 아이비파크5.0,85.0,2023H2,2,96250.0,95000,97500
화성시,동탄역 반도유보라 아이비파크5.0,85.0,2024H1,2,100250.0,98500,102000
화성시,동탄역 반도유보라 아이비파크5.0,85.0,2024H2,5,104000.0,95000,106250
화성시,동탄역 반도유보라 아이비파크5.0,85.0,2025H1,1,99500.0,99500,99500
화성시,동탄역 반도유보라 아이비파크5.0,85.0,2025H2,9,102500.0,100000,108500
화성시,동탄역 반도유보라 아이비파크5.0,85.0,2026H1,8,108750.0,99000,115000
화성시,동탄역 반도유보라 아이비파크5.0,96.8,2020H1,2,95450.0,92900,98000
화성시,동탄역 반도유보라 아이비파크5.0,96.8,2020H2,1,97500.0,97500,97500
화성시,동탄역 반도유보라 아이비파크5.0,96.8,2021H1,3,130000.0,116000,135000
화성시,동탄역 반도유보라 아이비파크5.0,96.8,2021H2,3,142000.0,140000,144000
화성시,동탄역 반도유보라 아이비파크5.0,96.8,2022H2,1,78000.0,78000,78000
화성시,동탄역 반도유보라 아이비파크5.0,96.8,2023H1,1,107500.0,107500,107500
화성시,동탄역 반도유보라 아이비파크5.0,96.8,2023H2,2,109500.0,104500,114500
화성시,동탄역 반도유보라 아이비파크5.0,96.8,2024H2,1,117700.0,117700,117700
화성시,동탄역 반도유보라 아이비파크5.0,96.8,2025H1,1,105750.0,105750,105750
화성시,동탄역 반도유보라 아이비파크5.0,96.8,2025H2,1,110500.0,110500,110500
화성시,동탄역 반도유보라 아이비파크5.0,96.8,2026H1,13,117000.0,110000,145000
화성시,동탄역 반도유보라 아이비파크5.0,96.8,2026H2,1,142000.0,142000,142000
화성시,동탄역 반도유보라 아이비파크6.0,59.9,2020H1,3,74500.0,69400,74500
화성시,동탄역 반도유보라 아이비파크6.0,59.9,2020H2,7,79300.0,73500,84000
화성시,동탄역 반도유보라 아이비파크6.0,59.9,2021H1,4,91150.0,85900,95900
화성시,동탄역 반도유보라 아이비파크6.0,59.9,2021H2,1,97000.0,97000,97000
화성시,동탄역 반도유보라 아이비파크6.0,59.9,2022H1,6,79500.0,78000,84800
화성시,동탄역 반도유보라 아이비파크6.0,59.9,2022H2,4,67000.0,63000,78000
화성시,동탄역 반도유보라 아이비파크6.0,59.9,2023H1,3,75500.0,66700,76500
화성시,동탄역 반도유보라 아이비파크6.0,59.9,2023H2,4,80000.0,80000,81500
화성시,동탄역 반도유보라 아이비파크6.0,59.9,2024H1,3,80300.0,80000,81000
화성시,동탄역 반도유보라 아이비파크6.0,59.9,2024H2,10,82250.0,78700,87000
화성시,동탄역 반도유보라 아이비파크6.0,59.9,2025H1,4,86650.0,85300,88700
화성시,동탄역 반도유보라 아이비파크6.0,59.9,2025H2,13,91000.0,56000,98500
화성시,동탄역 반도유보라 아이비파크6.0,59.9,2026H1,17,111500.0,103000,139500
화성시,동탄역 반도유보라 아이비파크6.0,74.4,2020H1,1,74000.0,74000,74000
화성시,동탄역 반도유보라 아이비파크6.0,74.4,2020H2,6,88250.0,87000,88700
화성시,동탄역 반도유보라 아이비파크6.0,74.4,2021H1,2,91500.0,87000,96000
화성시,동탄역 반도유보라 아이비파크6.0,74.4,2022H1,1,91000.0,91000,91000
화성시,동탄역 반도유보라 아이비파크6.0,74.4,2024H1,2,74500.0,61000,88000
화성시,동탄역 반도유보라 아이비파크6.0,74.4,2025H1,2,91500.0,90000,93000
화성시,동탄역 반도유보라 아이비파크6.0,74.4,2025H2,4,103000.0,98500,106000
화성시,동탄역 반도유보라 아이비파크6.0,74.4,2026H1,13,106500.0,103000,124000
화성시,동탄역 반도유보라 아이비파크6.0,85.0,2020H1,7,85400.0,81500,95000
화성시,동탄역 반도유보라 아이비파크6.0,85.0,2020H2,3,98500.0,98000,99000
화성시,동탄역 반도유보라 아이비파크6.0,85.0,2021H1,1,124000.0,124000,124000
화성시,동탄역 반도유보라 아이비파크6.0,85.0,2021H2,3,127000.0,125000,127000
화성시,동탄역 반도유보라 아이비파크6.0,85.0,2022H2,1,90000.0,90000,90000
화성시,동탄역 반도유보라 아이비파크6.0,85.0,2023H1,3,95000.0,94000,97200
화성시,동탄역 반도유보라 아이비파크6.0,85.0,2023H2,2,101000.0,98000,104000
화성시,동탄역 반도유보라 아이비파크6.0,85.0,2024H1,1,105000.0,105000,105000
화성시,동탄역 반도유보라 아이비파크6.0,85.0,2024H2,2,100500.0,99000,102000
화성시,동탄역 반도유보라 아이비파크6.0,85.0,2025H1,6,101500.0,99000,104700
화성시,동탄역 반도유보라 아이비파크6.0,85.0,2025H2,8,105700.0,96500,114000
화성시,동탄역 반도유보라 아이비파크6.0,85.0,2026H1,10,122000.0,114000,148000
화성시,동탄역 반도유보라 아이비파크6.0,96.8,2020H1,4,98750.0,95000,100500
화성시,동탄역 반도유보라 아이비파크6.0,96.8,2021H1,2,139250.0,135000,143500
화성시,동탄역 반도유보라 아이비파크6.0,96.8,2021H2,2,138900.0,138000,139800
화성시,동탄역 반도유보라 아이비파크6.0,96.8,2022H2,1,110000.0,110000,110000
화성시,동탄역 반도유보라 아이비파크6.0,96.8,2023H1,2,98750.0,93000,104500
화성시,동탄역 반도유보라 아이비파크6.0,96.8,2023H2,1,117500.0,117500,117500
화성시,동탄역 반도유보라 아이비파크6.0,96.8,2025H1,1,113000.0,113000,113000
화성시,동탄역 반도유보라 아이비파크6.0,96.8,2025H2,1,126500.0,126500,126500
화성시,동탄역 반도유보라 아이비파크6.0,96.8,2026H1,3,140000.0,137800,140000
화성시,동탄역 시범우남퍼스트빌아파트,60.0,2020H1,11,74000.0,70000,77000
화성시,동탄역 시범우남퍼스트빌아파트,60.0,2020H2,20,83950.0,72000,89500
화성시,동탄역 시범우남퍼스트빌아파트,60.0,2021H1,7,101000.0,85000,102000
화성시,동탄역 시범우남퍼스트빌아파트,60.0,2021H2,11,102000.0,94500,110000
화성시,동탄역 시범우남퍼스트빌아파트,60.0,2022H1,9,90500.0,88000,93400
화성시,동탄역 시범우남퍼스트빌아파트,60.0,2022H2,13,71000.0,52000,88000
화성시,동탄역 시범우남퍼스트빌아파트,60.0,2023H1,20,83000.0,75000,88500
화성시,동탄역 시범우남퍼스트빌아파트,60.0,2023H2,4,86000.0,84500,87000
화성시,동탄역 시범우남퍼스트빌아파트,60.0,2024H1,12,86750.0,80000,89900
화성시,동탄역 시범우남퍼스트빌아파트,60.0,2024H2,22,89500.0,83000,92700
화성시,동탄역 시범우남퍼스트빌아파트,60.0,2025H1,23,92000.0,86000,96000
화성시,동탄역 시범우남퍼스트빌아파트,60.0,2025H2,26,99900.0,93000,113000
화성시,동탄역 시범우남퍼스트빌아파트,60.0,2026H1,32,122250.0,109300,127500
화성시,동탄역 시범우남퍼스트빌아파트,60.0,2026H2,1,149000.0,149000,149000
화성시,동탄역 시범우남퍼스트빌아파트,70.0,2020H1,8,75250.0,71000,80000
화성시,동탄역 시범우남퍼스트빌아파트,70.0,2020H2,11,84400.0,82000,89400
화성시,동탄역 시범우남퍼스트빌아파트,70.0,2021H2,3,113000.0,94000,114500
화성시,동탄역 시범우남퍼스트빌아파트,70.0,2022H1,1,92000.0,92000,92000
화성시,동탄역 시범우남퍼스트빌아파트,70.0,2022H2,3,76000.0,75500,77500
화성시,동탄역 시범우남퍼스트빌아파트,70.0,2023H1,6,81750.0,71500,87500
화성시,동탄역 시범우남퍼스트빌아파트,70.0,2023H2,4,92075.0,89800,92500
화성시,동탄역 시범우남퍼스트빌아파트,70.0,2024H1,3,88000.0,86500,88000
화성시,동탄역 시범우남퍼스트빌아파트,70.0,2024H2,4,93600.0,89000,95800
화성시,동탄역 시범우남퍼스트빌아파트,70.0,2025H1,7,93500.0,92000,98000
화성시,동탄역 시범우남퍼스트빌아파트,70.0,2025H2,8,102150.0,96000,114700
화성시,동탄역 시범우남퍼스트빌아파트,70.0,2026H1,12,124750.0,119500,138000
화성시,동탄역 시범우남퍼스트빌아파트,74.0,2020H1,6,79000.0,72000,83000
화성시,동탄역 시범우남퍼스트빌아파트,74.0,2020H2,22,87500.0,78000,100000
화성시,동탄역 시범우남퍼스트빌아파트,74.0,2021H1,2,104750.0,99500,110000
화성시,동탄역 시범우남퍼스트빌아파트,74.0,2021H2,9,114000.0,99500,118500
화성시,동탄역 시범우남퍼스트빌아파트,74.0,2022H1,3,101000.0,99500,102000
화성시,동탄역 시범우남퍼스트빌아파트,74.0,2022H2,3,80000.0,79000,86000
화성시,동탄역 시범우남퍼스트빌아파트,74.0,2023H1,8,93000.0,70000,96500
화성시,동탄역 시범우남퍼스트빌아파트,74.0,2023H2,7,99000.0,91500,99500
화성시,동탄역 시범우남퍼스트빌아파트,74.0,2024H1,7,95000.0,92000,96500
화성시,동탄역 시범우남퍼스트빌아파트,74.0,2024H2,8,99100.0,92700,100800
화성시,동탄역 시범우남퍼스트빌아파트,74.0,2025H1,19,99500.0,90000,102000
화성시,동탄역 시범우남퍼스트빌아파트,74.0,2025H2,24,103800.0,98000,118000
화성시,동탄역 시범우남퍼스트빌아파트,74.0,2026H1,14,122000.0,116000,156000
화성시,동탄역 시범우남퍼스트빌아파트,84.9,2020H1,8,96500.0,89000,100000
화성시,동탄역 시범우남퍼스트빌아파트,84.9,2020H2,7,110000.0,102000,125000
화성시,동탄역 시범우남퍼스트빌아파트,84.9,2021H1,3,132000.0,125000,134500
화성시,동탄역 시범우남퍼스트빌아파트,84.9,2021H2,4,142000.0,135000,148000
화성시,동탄역 시범우남퍼스트빌아파트,84.9,2022H1,3,115000.0,110000,130000
화성시,동탄역 시범우남퍼스트빌아파트,84.9,2022H2,4,96500.0,94000,98000
화성시,동탄역 시범우남퍼스트빌아파트,84.9,2023H1,9,99500.0,90000,123000
화성시,동탄역 시범우남퍼스트빌아파트,84.9,2023H2,4,114500.0,110000,126000
화성시,동탄역 시범우남퍼스트빌아파트,84.9,2024H1,4,114750.0,113500,117500
화성시,동탄역 시범우남퍼스트빌아파트,84.9,2024H2,6,116500.0,108500,119000
화성시,동탄역 시범우남퍼스트빌아파트,84.9,2025H1,15,114900.0,107500,122000
화성시,동탄역 시범우남퍼스트빌아파트,84.9,2025H2,18,119900.0,110000,136000
화성시,동탄역 시범우남퍼스트빌아파트,84.9,2026H1,15,145000.0,126000,186000
화성시,동탄역 시범우남퍼스트빌아파트,84.9,2026H2,1,165000.0,165000,165000
화성시,동탄역 시범우남퍼스트빌아파트,85.0,2020H1,6,93000.0,89000,94000
화성시,동탄역 시범우남퍼스트빌아파트,85.0,2020H2,9,105000.0,95700,113000
화성시,동탄역 시범우남퍼스트빌아파트,85.0,2021H1,3,127500.0,126000,128000
화성시,동탄역 시범우남퍼스트빌아파트,85.0,2021H2,3,133000.0,127000,136000
화성시,동탄역 시범우남퍼스트빌아파트,85.0,2022H1,6,113500.0,110000,119000
화성시,동탄역 시범우남퍼스트빌아파트,85.0,2022H2,7,95000.0,88000,102000
화성시,동탄역 시범우남퍼스트빌아파트,85.0,2023H1,13,98000.0,87500,110000
화성시,동탄역 시범우남퍼스트빌아파트,85.0,2023H2,1,117500.0,117500,117500
화성시,동탄역 시범우남퍼스트빌아파트,85.0,2024H1,3,108780.0,105000,109400
화성시,동탄역 시범우남퍼스트빌아파트,85.0,2024H2,10,108450.0,107000,111250
화성시,동탄역 시범우남퍼스트빌아파트,85.0,2025H1,18,109500.0,105000,116000
화성시,동탄역 시범우남퍼스트빌아파트,85.0,2025H2,34,120000.0,108000,136000
화성시,동탄역 시범우남퍼스트빌아파트,85.0,2026H1,17,140000.0,120500,179500
화성시,동탄역 시범우남퍼스트빌아파트,85.0,2026H2,1,169000.0,169000,169000
화성시,동탄역반도유보라아이비파크2.0,74.4,2020H1,12,44600.0,38800,49000
화성시,동탄역반도유보라아이비파크2.0,74.4,2020H2,3,50000.0,49800,58800
화성시,동탄역반도유보라아이비파크2.0,74.4,2021H1,6,59500.0,55000,60500
화성시,동탄역반도유보라아이비파크2.0,74.4,2021H2,3,66000.0,64800,71000
화성시,동탄역반도유보라아이비파크2.0,74.4,2022H1,2,63250.0,62500,64000
화성시,동탄역반도유보라아이비파크2.0,74.4,2023H1,7,52500.0,47000,55000
화성시,동탄역반도유보라아이비파크2.0,74.4,2023H2,4,60450.0,59000,61000
화성시,동탄역반도유보라아이비파크2.0,74.4,2024H2,5,60000.0,59700,60000
화성시,동탄역반도유보라아이비파크2.0,74.4,2025H1,5,56000.0,55800,59700
화성시,동탄역반도유보라아이비파크2.0,74.4,2025H2,7,59500.0,55500,61000
화성시,동탄역반도유보라아이비파크2.0,74.4,2026H1,12,62500.0,58000,75000
화성시,동탄역반도유보라아이비파크2.0,74.4,2026H2,1,78500.0,78500,78500
화성시,동탄역반도유보라아이비파크2.0,85.0,2020H1,57,53000.0,45000,59300
화성시,동탄역반도유보라아이비파크2.0,85.0,2020H2,44,60000.0,53200,65000
화성시,동탄역반도유보라아이비파크2.0,85.0,2021H1,49,65000.0,58900,73000
화성시,동탄역반도유보라아이비파크2.0,85.0,2021H2,24,73250.0,68000,78500
화성시,동탄역반도유보라아이비파크2.0,85.0,2022H1,4,68000.0,61500,69000
화성시,동탄역반도유보라아이비파크2.0,85.0,2022H2,5,54300.0,50000,61000
화성시,동탄역반도유보라아이비파크2.0,85.0,2023H1,36,56500.0,45000,62500
화성시,동탄역반도유보라아이비파크2.0,85.0,2023H2,20,62400.0,59000,65000
화성시,동탄역반도유보라아이비파크2.0,85.0,2024H1,30,62900.0,42000,65500
화성시,동탄역반도유보라아이비파크2.0,85.0,2024H2,19,63200.0,60000,68000
화성시,동탄역반도유보라아이비파크2.0,85.0,2025H1,35,63000.0,58000,66300
화성시,동탄역반도유보라아이비파크2.0,85.0,2025H2,29,64500.0,60000,68800
화성시,동탄역반도유보라아이비파크2.0,85.0,2026H1,56,67400.0,60000,84000
화성시,동탄역반도유보라아이비파크2.0,85.0,2026H2,4,87250.0,83000,94000
화성시,동탄역반도유보라아이비파크7.0,73.4,2021H1,1,127000.0,127000,127000
화성시,동탄역반도유보라아이비파크7.0,73.4,2021H2,4,120400.0,100550,130000
화성시,동탄역반도유보라아이비파크7.0,73.4,2022H1,1,102500.0,102500,102500
화성시,동탄역반도유보라아이비파크7.0,73.4,2022H2,1,86000.0,86000,86000
화성시,동탄역반도유보라아이비파크7.0,73.4,2023H1,8,78850.0,70000,93000
화성시,동탄역반도유보라아이비파크7.0,73.4,2023H2,2,97750.0,91000,104500
화성시,동탄역반도유보라아이비파크7.0,73.4,2024H1,6,102000.0,100000,104000
화성시,동탄역반도유보라아이비파크7.0,73.4,2024H2,1,104500.0,104500,104500
화성시,동탄역반도유보라아이비파크7.0,73.4,2025H1,8,102400.0,80000,107000
화성시,동탄역반도유보라아이비파크7.0,73.4,2025H2,13,105000.0,98500,115500
화성시,동탄역반도유보라아이비파크7.0,73.4,2026H1,22,115750.0,109000,132000
화성시,동탄역반도유보라아이비파크7.0,73.4,2026H2,1,145000.0,145000,145000
화성시,동탄역반도유보라아이비파크7.0,73.7,2020H2,2,112000.0,105000,119000
화성시,동탄역반도유보라아이비파크7.0,73.7,2021H1,1,125000.0,125000,125000
화성시,동탄역반도유보라아이비파크7.0,73.7,2021H2,4,123925.0,119000,126000
화성시,동탄역반도유보라아이비파크7.0,73.7,2022H1,1,108000.0,108000,108000
화성시,동탄역반도유보라아이비파크7.0,73.7,2022H2,2,75000.0,74000,76000
화성시,동탄역반도유보라아이비파크7.0,73.7,2023H1,6,87500.0,71000,97800
화성시,동탄역반도유보라아이비파크7.0,73.7,2023H2,4,101500.0,96000,109000
화성시,동탄역반도유보라아이비파크7.0,73.7,2024H1,1,110000.0,110000,110000
화성시,동탄역반도유보라아이비파크7.0,73.7,2024H2,1,114000.0,114000,114000
화성시,동탄역반도유보라아이비파크7.0,73.7,2025H1,6,108000.0,99500,113000
화성시,동탄역반도유보라아이비파크7.0,73.7,2025H2,8,108500.0,106000,114200
화성시,동탄역반도유보라아이비파크7.0,73.7,2026H1,18,119000.0,105000,142000
화성시,동탄역반도유보라아이비파크7.0,76.2,2020H2,2,98850.0,98700,99000
화성시,동탄역반도유보라아이비파크7.0,76.2,2021H1,1,120000.0,120000,120000
화성시,동탄역반도유보라아이비파크7.0,76.2,2021H2,2,125250.0,122000,128500
화성시,동탄역반도유보라아이비파크7.0,76.2,2022H2,1,78500.0,78500,78500
화성시,동탄역반도유보라아이비파크7.0,76.2,2023H1,2,89700.0,89400,90000
화성시,동탄역반도유보라아이비파크7.0,76.2,2023H2,6,93250.0,90000,97000
화성시,동탄역반도유보라아이비파크7.0,76.2,2024H1,3,98300.0,98000,98700
화성시,동탄역반도유보라아이비파크7.0,76.2,2024H2,3,100000.0,95000,106000
화성시,동탄역반도유보라아이비파크7.0,76.2,2025H1,1,99000.0,99000,99000
화성시,동탄역반도유보라아이비파크7.0,76.2,2025H2,7,107000.0,102000,109700
화성시,동탄역반도유보라아이비파크7.0,76.2,2026H1,13,117000.0,105000,135000
화성시,동탄역반도유보라아이비파크7.0,86.2,2020H2,1,123000.0,123000,123000
화성시,동탄역반도유보라아이비파크7.0,86.2,2021H1,3,143000.0,132000,147500
화성시,동탄역반도유보라아이비파크7.0,86.2,2021H2,1,149000.0,149000,149000
화성시,동탄역반도유보라아이비파크7.0,86.2,2022H1,1,119000.0,119000,119000
화성시,동탄역반도유보라아이비파크7.0,86.2,2023H1,4,105500.0,98000,118000
화성시,동탄역반도유보라아이비파크7.0,86.2,2024H1,1,70000.0,70000,70000
화성시,동탄역반도유보라아이비파크7.0,86.2,2024H2,5,114800.0,109000,115000
화성시,동탄역반도유보라아이비파크7.0,86.2,2025H1,5,118000.0,110000,121000
화성시,동탄역반도유보라아이비파크7.0,86.2,2025H2,9,122000.0,112000,135000
화성시,동탄역반도유보라아이비파크7.0,86.2,2026H1,13,139500.0,128000,152500
화성시,동탄역반도유보라아이비파크7.0,86.2,2026H2,1,154500.0,154500,154500
화성시,동탄역시범반도유보라아이비파크1.0,85.0,2020H1,26,74100.0,65000,79000
화성시,동탄역시범반도유보라아이비파크1.0,85.0,2020H2,43,82600.0,74300,90700
화성시,동탄역시범반도유보라아이비파크1.0,85.0,2021H1,21,93000.0,84000,100500
화성시,동탄역시범반도유보라아이비파크1.0,85.0,2021H2,22,103150.0,92500,110000
화성시,동탄역시범반도유보라아이비파크1.0,85.0,2022H1,6,89500.0,82300,99000
화성시,동탄역시범반도유보라아이비파크1.0,85.0,2022H2,6,78250.0,71000,80500
화성시,동탄역시범반도유보라아이비파크1.0,85.0,2023H1,15,81000.0,69000,90000
화성시,동탄역시범반도유보라아이비파크1.0,85.0,2023H2,10,88500.0,86500,94000
화성시,동탄역시범반도유보라아이비파크1.0,85.0,2024H1,14,89150.0,82500,92000
화성시,동탄역시범반도유보라아이비파크1.0,85.0,2024H2,12,91500.0,89000,95000
화성시,동탄역시범반도유보라아이비파크1.0,85.0,2025H1,21,91900.0,86000,94700
화성시,동탄역시범반도유보라아이비파크1.0,85.0,2025H2,24,95250.0,91000,105000
화성시,동탄역시범반도유보라아이비파크1.0,85.0,2026H1,47,107800.0,98000,137500
화성시,동탄역시범반도유보라아이비파크1.0,85.0,2026H2,1,132000.0,132000,132000
화성시,동탄역시범반도유보라아이비파크1.0,99.0,2020H1,11,87000.0,79500,91000
화성시,동탄역시범반도유보라아이비파크1.0,99.0,2020H2,5,103000.0,90000,108000
화성시,동탄역시범반도유보라아이비파크1.0,99.0,2021H1,5,123800.0,117500,125000
화성시,동탄역시범반도유보라아이비파크1.0,99.0,2021H2,4,127750.0,126000,130000
화성시,동탄역시범반도유보라아이비파크1.0,99.0,2022H1,1,103500.0,103500,103500
화성시,동탄역시범반도유보라아이비파크1.0,99.0,2022H2,1,100000.0,100000,100000
화성시,동탄역시범반도유보라아이비파크1.0,99.0,2023H1,2,93250.0,92500,94000
화성시,동탄역시범반도유보라아이비파크1.0,99.0,2023H2,5,109000.0,104000,109400
화성시,동탄역시범반도유보라아이비파크1.0,99.0,2024H1,3,107500.0,105500,110000
화성시,동탄역시범반도유보라아이비파크1.0,99.0,2024H2,8,109000.0,106000,116000
화성시,동탄역시범반도유보라아이비파크1.0,99.0,2025H1,11,107500.0,103000,113000
화성시,동탄역시범반도유보라아이비파크1.0,99.0,2025H2,7,110000.0,70200,113000
화성시,동탄역시범반도유보라아이비파크1.0,99.0,2026H1,19,119000.0,112000,145000
화성시,동탄역파라곤,78.1,2021H1,1,86809.0,86809,86809
화성시,동탄역파라곤,78.1,2023H1,4,81250.0,80000,89300
화성시,동탄역파라곤,78.1,2023H2,3,88000.0,85000,96000
화성시,동탄역파라곤,78.1,2025H2,1,97000.0,97000,97000
화성시,동탄역파라곤,78.1,2026H1,12,104750.0,99000,135000
화성시,동탄역파라곤,79.9,2023H1,3,88000.0,79000,90800
화성시,동탄역파라곤,79.9,2023H2,4,94850.0,90000,97000
화성시,동탄역파라곤,79.9,2024H1,2,96400.0,96100,96700
화성시,동탄역파라곤,79.9,2024H2,3,102500.0,100500,104500
화성시,동탄역파라곤,79.9,2025H2,7,102000.0,95800,105000
화성시,동탄역파라곤,79.9,2026H1,15,107000.0,102500,130000
화성시,동탄역파라곤,101.6,2023H2,2,127750.0,121500,134000
화성시,동탄역파라곤,101.6,2024H1,1,130000.0,130000,130000
화성시,동탄역파라곤,101.6,2026H1,5,135000.0,128000,143000
화성시,동탄역파라곤,104.8,2023H2,1,173000.0,173000,173000
화성시,동탄파라곤,159.4,2020H2,1,94800.0,94800,94800
화성시,동탄파라곤,159.4,2021H1,1,95000.0,95000,95000
화성시,동탄파라곤,159.4,2023H2,2,85000.0,81000,89000
화성시,동탄파라곤,159.4,2024H2,3,86250.0,85000,88000
화성시,동탄파라곤,159.4,2025H2,2,79750.0,74500,85000
화성시,동탄파라곤,159.4,2026H1,3,88000.0,82500,100000
화성시,동탄파라곤,171.0,2020H1,3,88000.0,70850,90000
화성시,동탄파라곤,171.0,2020H2,1,87000.0,87000,87000
화성시,동탄파라곤,171.0,2021H1,2,95000.0,80000,110000
화성시,동탄파라곤,171.0,2023H2,1,91000.0,91000,91000
화성시,동탄파라곤,171.0,2025H2,1,83000.0,83000,83000
화성시,동탄파라곤,171.0,2026H1,2,83100.0,82500,83700
화성시,동탄파라곤,174.0,2021H2,2,115000.0,115000,115000
화성시,동탄파라곤,174.0,2023H1,1,60000.0,60000,60000
화성시,동탄파라곤,174.0,2025H1,2,90850.0,88900,92800
화성시,동탄파라곤,174.0,2026H1,2,97900.0,90800,105000
화성시,동탄파라곤,192.7,2020H1,1,76000.0,76000,76000
화성시,동탄파라곤,192.7,2020H2,1,92500.0,92500,92500
화성시,동탄파라곤,192.7,2026H1,1,70000.0,70000,70000
화성시,동탄파라곤,201.4,2020H1,3,82500.0,82000,94500
화성시,동탄파라곤,201.4,2020H2,3,94000.0,92000,99500
화성시,동탄파라곤,201.4,2021H1,2,107500.0,95000,120000
화성시,동탄파라곤,201.4,2021H2,1,127000.0,127000,127000
화성시,동탄파라곤,201.4,2023H2,1,115000.0,115000,115000
화성시,동탄파라곤,201.4,2024H1,3,110000.0,109000,110000
화성시,동탄파라곤,201.4,2024H2,2,111250.0,111000,111500
화성시,동탄파라곤,201.4,2025H1,4,108350.0,106700,113000
화성시,동탄파라곤,243.1,2025H1,2,163000.0,159500,166500
화성시,동탄파라곤,244.0,2020H2,1,160000.0,160000,160000
화성시,동탄파라곤II,115.2,2020H1,1,49000.0,49000,49000
화성시,동탄파라곤II,115.2,2020H2,1,63000.0,63000,63000
화성시,동탄파라곤II,115.2,2021H2,2,75000.0,75000,75000
화성시,동탄파라곤II,115.2,2023H2,3,64500.0,61500,75000
화성시,동탄파라곤II,115.2,2024H2,1,75000.0,75000,75000
화성시,동탄파라곤II,115.2,2025H2,1,67000.0,67000,67000
화성시,동탄파라곤II,115.6,2020H1,7,48500.0,47100,50000
화성시,동탄파라곤II,115.6,2020H2,5,60000.0,49000,64500
화성시,동탄파라곤II,115.6,2021H1,2,64300.0,63000,65600
화성시,동탄파라곤II,115.6,2021H2,1,78500.0,78500,78500
화성시,동탄파라곤II,115.6,2023H1,2,59350.0,57000,61700
화성시,동탄파라곤II,115.6,2024H1,2,63000.0,63000,63000
화성시,동탄파라곤II,115.6,2024H2,1,65000.0,65000,65000
화성시,동탄파라곤II,115.6,2025H1,2,62500.0,61500,63500
화성시,동탄파라곤II,115.6,2025H2,1,68500.0,68500,68500
화성시,동탄파라곤II,115.6,2026H1,3,65000.0,64500,73000
화성시,동탄파라곤II,162.6,2021H2,1,122000.0,122000,122000
화성시,레이크반도유보라아이비파크9.0,93.4,2020H1,1,46000.0,46000,46000
화성시,레이크반도유보라아이비파크9.0,93.4,2020H2,1,64800.0,64800,64800
화성시,레이크반도유보라아이비파크9.0,93.4,2021H1,2,72750.0,71000,74500
화성시,레이크반도유보라아이비파크9.0,93.4,2023H2,2,62500.0,61000,64000
화성시,레이크반도유보라아이비파크9.0,93.4,2024H1,1,61500.0,61500,61500
화성시,레이크반도유보라아이비파크9.0,93.4,2025H2,1,64000.0,64000,64000
화성시,레이크반도유보라아이비파크9.0,93.4,2026H1,1,60000.0,60000,60000
화성시,레이크반도유보라아이비파크9.0,102.0,2020H1,29,53700.0,41500,67500
화성시,레이크반도유보라아이비파크9.0,102.0,2020H2,15,65000.0,55000,74000
화성시,레이크반도유보라아이비파크9.0,102.0,2021H1,10,71600.0,65000,78500
화성시,레이크반도유보라아이비파크9.0,102.0,2021H2,8,80150.0,74000,95000
화성시,레이크반도유보라아이비파크9.0,102.0,2022H1,2,70400.0,69800,71000
화성시,레이크반도유보라아이비파크9.0,102.0,2022H2,2,60250.0,59500,61000
화성시,레이크반도유보라아이비파크9.0,102.0,2023H1,8,62500.0,55000,65000
화성시,레이크반도유보라아이비파크9.0,102.0,2023H2,14,64150.0,59000,68800
화성시,레이크반도유보라아이비파크9.0,102.0,2024H1,3,61500.0,60000,63000
화성시,레이크반도유보라아이비파크9.0,102.0,2024H2,11,64000.0,39200,68000
화성시,레이크반도유보라아이비파크9.0,102.0,2025H1,4,63350.0,62000,64000
화성시,레이크반도유보라아이비파크9.0,102.0,2025H2,8,64000.0,54000,70000
화성시,레이크반도유보라아이비파크9.0,102.0,2026H1,17,62000.0,59500,70000
화성시,레이크반도유보라아이비파크9.0,102.0,2026H2,4,70750.0,60000,80000
화성시,레이크반도유보라아이비파크9.0,104.4,2020H1,11,55000.0,45700,65000
화성시,레이크반도유보라아이비파크9.0,104.4,2020H2,6,69150.0,59600,73000
화성시,레이크반도유보라아이비파크9.0,104.4,2021H1,4,76250.0,74000,79000
화성시,레이크반도유보라아이비파크9.0,104.4,2021H2,3,98000.0,93000,103000
화성시,레이크반도유보라아이비파크9.0,104.4,2022H2,2,70500.0,55000,86000
화성시,레이크반도유보라아이비파크9.0,104.4,2023H1,7,66500.0,60000,87000
화성시,레이크반도유보라아이비파크9.0,104.4,2023H2,1,82800.0,82800,82800
화성시,레이크반도유보라아이비파크9.0,104.4,2024H1,2,76450.0,68900,84000
화성시,레이크반도유보라아이비파크9.0,104.4,2024H2,6,67750.0,63500,84000
화성시,레이크반도유보라아이비파크9.0,104.4,2025H2,6,65000.0,62000,68000
화성시,레이크반도유보라아이비파크9.0,104.4,2026H1,10,71000.0,65000,81000
화성시,레이크반도유보라아이비파크9.0,104.4,2026H2,1,77000.0,77000,77000
화성시,레이크힐 반도유보라 아이비파크 10.2,77.2,2020H1,3,37000.0,35000,45000
화성시,레이크힐 반도유보라 아이비파크 10.2,77.2,2020H2,4,47250.0,43500,50000
화성시,레이크힐 반도유보라 아이비파크 10.2,77.2,2021H1,7,57000.0,53600,59000
화성시,레이크힐 반도유보라 아이비파크 10.2,77.2,2021H2,3,60000.0,60000,63300
화성시,레이크힐 반도유보라 아이비파크 10.2,77.2,2022H2,2,43400.0,40800,46000
화성시,레이크힐 반도유보라 아이비파크 10.2,77.2,2023H1,3,42700.0,36000,44000
화성시,레이크힐 반도유보라 아이비파크 10.2,77.2,2023H2,1,51500.0,51500,51500
화성시,레이크힐 반도유보라 아이비파크 10.2,77.2,2024H1,1,52000.0,52000,52000
화성시,레이크힐 반도유보라 아이비파크 10.2,77.2,2024H2,3,52000.0,50900,52700
화성시,레이크힐 반도유보라 아이비파크 10.2,77.2,2025H1,5,49500.0,47000,50000
화성시,레이크힐 반도유보라 아이비파크 10.2,77.2,2025H2,7,46000.0,44500,50000
화성시,레이크힐 반도유보라 아이비파크 10.2,77.2,2026H1,3,51900.0,49900,52000
화성시,레이크힐 반도유보라 아이비파크 10.2,77.2,2026H2,1,53000.0,53000,53000
화성시,레이크힐 반도유보라 아이비파크 10.2,85.0,2020H1,20,43950.0,39000,55000
화성시,레이크힐 반도유보라 아이비파크 10.2,85.0,2020H2,10,56250.0,54800,59300
화성시,레이크힐 반도유보라 아이비파크 10.2,85.0,2021H1,37,60000.0,50000,65900
화성시,레이크힐 반도유보라 아이비파크 10.2,85.0,2021H2,16,65000.0,56900,72000
화성시,레이크힐 반도유보라 아이비파크 10.2,85.0,2022H1,4,59450.0,59000,61000
화성시,레이크힐 반도유보라 아이비파크 10.2,85.0,2022H2,6,49000.0,48000,50000
화성시,레이크힐 반도유보라 아이비파크 10.2,85.0,2023H1,22,48900.0,44500,53500
화성시,레이크힐 반도유보라 아이비파크 10.2,85.0,2023H2,14,53775.0,51900,55250
화성시,레이크힐 반도유보라 아이비파크 10.2,85.0,2024H1,25,52700.0,47000,55000
화성시,레이크힐 반도유보라 아이비파크 10.2,85.0,2024H2,23,53000.0,49800,55000
화성시,레이크힐 반도유보라 아이비파크 10.2,85.0,2025H1,15,52200.0,51400,53000
화성시,레이크힐 반도유보라 아이비파크 10.2,85.0,2025H2,15,51000.0,42000,53000
화성시,레이크힐 반도유보라 아이비파크 10.2,85.0,2026H1,52,53000.0,49000,58000
화성시,레이크힐 반도유보라 아이비파크 10.2,85.0,2026H2,6,59000.0,54800,60000
화성시,레이크힐 반도유보라 아이비파크 10.2,96.7,2020H1,8,49250.0,45000,54000
화성시,레이크힐 반도유보라 아이비파크 10.2,96.7,2020H2,5,61900.0,53000,64500
화성시,레이크힐 반도유보라 아이비파크 10.2,96.7,2021H1,14,65500.0,59000,68700
화성시,레이크힐 반도유보라 아이비파크 10.2,96.7,2021H2,6,69500.0,61000,75000
화성시,레이크힐 반도유보라 아이비파크 10.2,96.7,2022H1,4,66975.0,64000,71800
화성시,레이크힐 반도유보라 아이비파크 10.2,96.7,2022H2,1,56800.0,56800,56800
화성시,레이크힐 반도유보라 아이비파크 10.2,96.7,2023H1,10,58000.0,50000,61000
화성시,레이크힐 반도유보라 아이비파크 10.2,96.7,2023H2,7,60000.0,58700,61500
화성시,레이크힐 반도유보라 아이비파크 10.2,96.7,2024H1,4,57900.0,57300,60600
화성시,레이크힐 반도유보라 아이비파크 10.2,96.7,2024H2,8,59350.0,53000,61900
화성시,레이크힐 반도유보라 아이비파크 10.2,96.7,2025H1,5,56000.0,54500,63000
화성시,레이크힐 반도유보라 아이비파크 10.2,96.7,2025H2,15,56500.0,53000,60900
화성시,레이크힐 반도유보라 아이비파크 10.2,96.7,2026H1,26,57950.0,50000,64000
화성시,레이크힐 반도유보라 아이비파크 10.2,96.7,2026H2,2,61150.0,59500,62800
화성시,레이크힐 반도유보라 아이비파크 10.2,96.8,2020H1,15,50000.0,43900,56000
화성시,레이크힐 반도유보라 아이비파크 10.2,96.8,2020H2,4,59500.0,56000,62700
화성시,레이크힐 반도유보라 아이비파크 10.2,96.8,2021H1,9,63500.0,61500,70000
화성시,레이크힐 반도유보라 아이비파크 10.2,96.8,2021H2,13,74000.0,68900,87800
화성시,레이크힐 반도유보라 아이비파크 10.2,96.8,2022H1,2,66900.0,65300,68500
화성시,레이크힐 반도유보라 아이비파크 10.2,96.8,2022H2,5,64500.0,55000,68000
화성시,레이크힐 반도유보라 아이비파크 10.2,96.8,2023H1,9,55000.0,49000,65500
화성시,레이크힐 반도유보라 아이비파크 10.2,96.8,2023H2,4,59500.0,58000,61600
화성시,레이크힐 반도유보라 아이비파크 10.2,96.8,2024H1,4,57250.0,44000,60000
화성시,레이크힐 반도유보라 아이비파크 10.2,96.8,2024H2,4,60900.0,55500,67000
화성시,레이크힐 반도유보라 아이비파크 10.2,96.8,2025H1,6,57000.0,54300,59000
화성시,레이크힐 반도유보라 아이비파크 10.2,96.8,2025H2,9,56300.0,39000,59000
화성시,레이크힐 반도유보라 아이비파크 10.2,96.8,2026H1,22,57225.0,50500,62000
화성시,레이크힐 반도유보라 아이비파크 10.2,96.8,2026H2,1,63000.0,63000,63000
화성시,반도유보라아이비파크3,60.0,2020H1,48,44900.0,37500,49500
화성시,반도유보라아이비파크3,60.0,2020H2,44,50750.0,47000,57200
화성시,반도유보라아이비파크3,60.0,2021H1,32,59700.0,52000,63000
화성시,반도유보라아이비파크3,60.0,2021H2,20,68050.0,59500,74000
화성시,반도유보라아이비파크3,60.0,2022H1,12,59350.0,56900,66000
화성시,반도유보라아이비파크3,60.0,2022H2,16,44500.0,41000,59000
화성시,반도유보라아이비파크3,60.0,2023H1,25,46000.0,40000,56000
화성시,반도유보라아이비파크3,60.0,2023H2,15,54900.0,49300,57500
화성시,반도유보라아이비파크3,60.0,2024H1,13,57000.0,51000,58000
화성시,반도유보라아이비파크3,60.0,2024H2,16,55000.0,52400,56800
화성시,반도유보라아이비파크3,60.0,2025H1,23,56500.0,51000,60000
화성시,반도유보라아이비파크3,60.0,2025H2,39,57800.0,51400,63300
화성시,반도유보라아이비파크3,60.0,2026H1,57,65000.0,51000,81800
화성시,반도유보라아이비파크3,60.0,2026H2,3,80500.0,66500,85000
화성시,반도유보라아이비파크3,74.4,2020H1,4,53400.0,48000,55000
화성시,반도유보라아이비파크3,74.4,2020H2,5,59500.0,43200,64700
화성시,반도유보라아이비파크3,74.4,2021H1,5,68000.0,60500,74500
화성시,반도유보라아이비파크3,74.4,2021H2,1,77000.0,77000,77000
화성시,반도유보라아이비파크3,74.4,2022H1,1,75000.0,75000,75000
화성시,반도유보라아이비파크3,74.4,2022H2,1,58000.0,58000,58000
화성시,반도유보라아이비파크3,74.4,2023H1,4,55500.0,52000,63900
화성시,반도유보라아이비파크3,74.4,2023H2,3,67300.0,63800,69300
화성시,반도유보라아이비파크3,74.4,2024H1,1,64500.0,64500,64500
화성시,반도유보라아이비파크3,74.4,2024H2,1,64000.0,64000,64000
화성시,반도유보라아이비파크3,74.4,2025H1,1,65000.0,65000,65000
화성시,반도유보라아이비파크3,74.4,2025H2,7,65000.0,62000,67000
화성시,반도유보라아이비파크3,74.4,2026H1,4,75150.0,74000,77800
화성시,반도유보라아이비파크3,75.0,2020H1,5,54700.0,47000,57700
화성시,반도유보라아이비파크3,75.0,2020H2,5,63800.0,60500,64000
화성시,반도유보라아이비파크3,75.0,2021H1,7,69700.0,64500,73500
화성시,반도유보라아이비파크3,75.0,2021H2,2,78000.0,78000,78000
화성시,반도유보라아이비파크3,75.0,2022H1,1,71500.0,71500,71500
화성시,반도유보라아이비파크3,75.0,2022H2,2,56250.0,54500,58000
화성시,반도유보라아이비파크3,75.0,2023H1,3,55000.0,54500,55800
화성시,반도유보라아이비파크3,75.0,2023H2,1,58000.0,58000,58000
화성시,반도유보라아이비파크3,75.0,2024H1,1,65000.0,65000,65000
화성시,반도유보라아이비파크3,75.0,2024H2,6,62950.0,60000,64000
화성시,반도유보라아이비파크3,75.0,2025H1,3,66000.0,59900,67000
화성시,반도유보라아이비파크3,75.0,2025H2,8,65400.0,60800,71500
화성시,반도유보라아이비파크3,75.0,2026H1,7,74800.0,60000,79000
화성시,반도유보라아이비파크3,84.9,2020H1,6,62300.0,59800,64500
화성시,반도유보라아이비파크3,84.9,2020H2,4,68500.0,66000,70000
화성시,반도유보라아이비파크3,84.9,2021H1,7,78500.0,76000,84000
화성시,반도유보라아이비파크3,84.9,2021H2,3,86000.0,86000,95000
화성시,반도유보라아이비파크3,84.9,2022H1,2,77850.0,76700,79000
화성시,반도유보라아이비파크3,84.9,2023H1,2,68500.0,68000,69000
화성시,반도유보라아이비파크3,84.9,2023H2,1,73900.0,73900,73900
화성시,반도유보라아이비파크3,84.9,2024H2,2,73750.0,73000,74500
화성시,반도유보라아이비파크3,84.9,2025H1,2,70250.0,70000,70500
화성시,반도유보라아이비파크3,84.9,2025H2,5,79000.0,78000,80700
화성시,반도유보라아이비파크3,84.9,2026H1,6,84600.0,75000,92700
화성시,반도유보라아이비파크3,85.0,2020H1,1,50000.0,50000,50000
화성시,반도유보라아이비파크3,85.0,2020H2,3,69500.0,65000,74000
화성시,반도유보라아이비파크3,85.0,2021H1,6,74750.0,73000,79000
화성시,반도유보라아이비파크3,85.0,2021H2,3,87000.0,85000,89000
화성시,반도유보라아이비파크3,85.0,2022H1,1,79800.0,79800,79800
화성시,반도유보라아이비파크3,85.0,2022H2,1,65000.0,65000,65000
화성시,반도유보라아이비파크3,85.0,2023H1,1,69500.0,69500,69500
화성시,반도유보라아이비파크3,85.0,2023H2,1,75000.0,75000,75000
화성시,반도유보라아이비파크3,85.0,2024H1,1,74800.0,74800,74800
화성시,반도유보라아이비파크3,85.0,2024H2,4,72500.0,69300,74500
화성시,반도유보라아이비파크3,85.0,2025H2,4,72800.0,69800,77000
화성시,반도유보라아이비파크3,85.0,2026H1,8,83550.0,56000,93000
화성시,시범다은마을우남퍼스트빌,67.1,2020H1,13,41900.0,36500,46500
화성시,시범다은마을우남퍼스트빌,67.1,2020H2,12,49650.0,43000,52000
화성시,시범다은마을우남퍼스트빌,67.1,2021H1,7,61900.0,53500,65750
화성시,시범다은마을우남퍼스트빌,67.1,2021H2,9,65900.0,61100,67800
화성시,시범다은마을우남퍼스트빌,67.1,2022H1,2,59950.0,59000,60900
화성시,시범다은마을우남퍼스트빌,67.1,2023H1,7,50000.0,44000,54500
화성시,시범다은마을우남퍼스트빌,67.1,2023H2,3,54000.0,54000,58900
화성시,시범다은마을우남퍼스트빌,67.1,2024H1,3,57000.0,56800,58000
화성시,시범다은마을우남퍼스트빌,67.1,2024H2,4,55500.0,54200,56500
화성시,시범다은마을우남퍼스트빌,67.1,2025H1,8,58000.0,53500,64000
화성시,시범다은마을우남퍼스트빌,67.1,2025H2,13,58800.0,51000,64300
화성시,시범다은마을우남퍼스트빌,67.1,2026H1,16,67150.0,59800,80000
화성시,시범다은마을우남퍼스트빌,67.1,2026H2,2,81750.0,80000,83500
화성시,시범다은마을우남퍼스트빌,84.4,2020H1,11,49000.0,42000,56800
화성시,시범다은마을우남퍼스트빌,84.4,2020H2,6,55500.0,52000,60000
화성시,시범다은마을우남퍼스트빌,84.4,2021H1,5,69000.0,62500,71900
화성시,시범다은마을우남퍼스트빌,84.4,2021H2,8,72750.0,68000,77000
화성시,시범다은마을우남퍼스트빌,84.4,2022H1,1,69500.0,69500,69500
화성시,시범다은마을우남퍼스트빌,84.4,2023H1,5,53500.0,52000,55000
화성시,시범다은마을우남퍼스트빌,84.4,2023H2,2,65000.0,65000,65000
화성시,시범다은마을우남퍼스트빌,84.4,2024H1,2,60750.0,59500,62000
화성시,시범다은마을우남퍼스트빌,84.4,2024H2,4,64000.0,57500,68000
화성시,시범다은마을우남퍼스트빌,84.4,2025H1,2,64350.0,64000,64700
화성시,시범다은마을우남퍼스트빌,84.4,2025H2,4,61500.0,59000,70500
화성시,시범다은마을우남퍼스트빌,84.4,2026H1,9,74700.0,70800,87000
화성시,시범다은마을우남퍼스트빌,85.0,2020H1,14,51000.0,38000,56000
화성시,시범다은마을우남퍼스트빌,85.0,2020H2,11,57000.0,53500,66000
화성시,시범다은마을우남퍼스트빌,85.0,2021H1,1,71000.0,71000,71000
화성시,시범다은마을우남퍼스트빌,85.0,2021H2,4,75000.0,75000,75500
화성시,시범다은마을우남퍼스트빌,85.0,2022H1,9,65000.0,62000,70000
화성시,시범다은마을우남퍼스트빌,85.0,2022H2,1,65500.0,65500,65500
화성시,시범다은마을우남퍼스트빌,85.0,2023H1,7,56000.0,51900,62000
화성시,시범다은마을우남퍼스트빌,85.0,2023H2,4,62600.0,59000,68000
화성시,시범다은마을우남퍼스트빌,85.0,2024H1,9,62000.0,61000,65000
화성시,시범다은마을우남퍼스트빌,85.0,2024H2,4,68250.0,64000,69700
화성시,시범다은마을우남퍼스트빌,85.0,2025H1,9,68000.0,63500,69500
화성시,시범다은마을우남퍼스트빌,85.0,2025H2,11,66500.0,62900,72500
화성시,시범다은마을우남퍼스트빌,85.0,2026H1,13,69500.0,66000,75900
화성시,시범다은마을우남퍼스트빌,85.0,2026H2,1,98000.0,98000,98000
화성시,시범반도유보라아이비파크4.0,84.6,2020H1,4,79600.0,73600,84800
화성시,시범반도유보라아이비파크4.0,84.6,2020H2,3,100000.0,98000,104500
화성시,시범반도유보라아이비파크4.0,84.6,2021H1,1,102600.0,102600,102600
화성시,시범반도유보라아이비파크4.0,84.6,2021H2,1,119300.0,119300,119300
화성시,시범반도유보라아이비파크4.0,84.6,2022H1,3,97000.0,96500,102900
화성시,시범반도유보라아이비파크4.0,84.6,2022H2,1,82000.0,82000,82000
화성시,시범반도유보라아이비파크4.0,84.6,2023H1,3,84000.0,79400,92700
화성시,시범반도유보라아이비파크4.0,84.6,2023H2,3,100400.0,94000,101800
화성시,시범반도유보라아이비파크4.0,84.6,2024H1,2,94750.0,93000,96500
화성시,시범반도유보라아이비파크4.0,84.6,2024H2,4,101500.0,99000,103500
화성시,시범반도유보라아이비파크4.0,84.6,2025H1,6,102100.0,95500,104300
화성시,시범반도유보라아이비파크4.0,84.6,2025H2,2,109250.0,107000,111500
화성시,시범반도유보라아이비파크4.0,84.6,2026H1,4,125000.0,114700,140000
화성시,시범반도유보라아이비파크4.0,84.8,2020H1,3,81500.0,78000,83500
화성시,시범반도유보라아이비파크4.0,84.8,2020H2,7,91000.0,85300,100000
화성시,시범반도유보라아이비파크4.0,84.8,2021H1,3,107000.0,100500,108000
화성시,시범반도유보라아이비파크4.0,84.8,2021H2,2,114500.0,110000,119000
화성시,시범반도유보라아이비파크4.0,84.8,2022H1,2,97000.0,97000,97000
화성시,시범반도유보라아이비파크4.0,84.8,2022H2,3,79000.0,74000,120000
화성시,시범반도유보라아이비파크4.0,84.8,2023H1,5,76000.0,75500,96800
화성시,시범반도유보라아이비파크4.0,84.8,2023H2,2,98650.0,97900,99400
화성시,시범반도유보라아이비파크4.0,84.8,2024H2,2,101500.0,100500,102500
화성시,시범반도유보라아이비파크4.0,84.8,2025H1,5,103800.0,97500,105000
화성시,시범반도유보라아이비파크4.0,84.8,2025H2,3,110700.0,107000,116000
화성시,시범반도유보라아이비파크4.0,84.8,2026H1,7,135000.0,117500,159000
화성시,시범반도유보라아이비파크4.0,85.0,2020H1,11,78800.0,76800,84000
화성시,시범반도유보라아이비파크4.0,85.0,2020H2,15,94100.0,83000,99800
화성시,시범반도유보라아이비파크4.0,85.0,2021H1,4,107750.0,104500,108000
화성시,시범반도유보라아이비파크4.0,85.0,2021H2,9,120000.0,100000,125000
화성시,시범반도유보라아이비파크4.0,85.0,2022H1,7,98000.0,88300,115000
화성시,시범반도유보라아이비파크4.0,85.0,2022H2,3,79000.0,78000,96000
화성시,시범반도유보라아이비파크4.0,85.0,2023H1,9,89700.0,76700,94000
화성시,시범반도유보라아이비파크4.0,85.0,2023H2,4,99500.0,94900,102000
화성시,시범반도유보라아이비파크4.0,85.0,2024H1,8,94350.0,93000,99600
화성시,시범반도유보라아이비파크4.0,85.0,2024H2,12,98750.0,93000,102000
화성시,시범반도유보라아이비파크4.0,85.0,2025H1,14,102250.0,97800,107000
화성시,시범반도유보라아이비파크4.0,85.0,2025H2,13,105000.0,90000,115800
화성시,시범반도유보라아이비파크4.0,85.0,2026H1,17,120000.0,111000,149700
화성시,시범반도유보라아이비파크4.0,85.0,2026H2,2,145250.0,138500,152000
화성시,시범반도유보라아이비파크4.0,96.7,2020H1,15,89000.0,81000,94800
화성시,시범반도유보라아이비파크4.0,96.7,2020H2,7,96000.0,88800,111000
화성시,시범반도유보라아이비파크4.0,96.7,2021H1,6,127500.0,124000,134800
화성시,시범반도유보라아이비파크4.0,96.7,2021H2,7,133500.0,127500,142000
화성시,시범반도유보라아이비파크4.0,96.7,2022H1,5,125000.0,110000,127000
화성시,시범반도유보라아이비파크4.0,96.7,2022H2,3,92000.0,92000,92000
화성시,시범반도유보라아이비파크4.0,96.7,2023H1,7,107000.0,61000,113800
화성시,시범반도유보라아이비파크4.0,96.7,2023H2,1,117800.0,117800,117800
화성시,시범반도유보라아이비파크4.0,96.7,2024H1,4,109250.0,107000,113000
화성시,시범반도유보라아이비파크4.0,96.7,2024H2,8,112000.0,110000,116000
화성시,시범반도유보라아이비파크4.0,96.7,2025H1,13,112000.0,108000,118900
화성시,시범반도유보라아이비파크4.0,96.7,2025H2,12,119400.0,104000,130000
화성시,시범반도유보라아이비파크4.0,96.7,2026H1,27,130500.0,119700,163000
