지역,단지명,면적구간,전체거래건수,최초거래일,최근거래일
서울 강남구,논현파라곤,84.4,1,2026-06-13,2026-06-13
서울 강남구,논현파라곤,117.8,5,2021-08-17,2026-07-14
서울 강남구,논현파라곤,120.2,2,2020-01-20,2024-07-09
서울 강남구,논현파라곤,170.6,1,2021-08-23,2021-08-23
서울 강남구,도곡렉슬,59.9,4,2021-03-14,2026-05-21
서울 강남구,도곡렉슬,60.0,137,2020-01-29,2026-07-31
서울 강남구,도곡렉슬,84.9,28,2020-03-08,2026-05-23
서울 강남구,도곡렉슬,85.0,143,2020-02-08,2026-09-15
서울 강남구,도곡렉슬,115.0,47,2020-02-07,2026-06-04
서울 강남구,도곡렉슬,119.9,55,2020-02-03,2026-08-12
서울 강남구,도곡렉슬,120.8,45,2020-03-04,2026-07-04
서울 강남구,도곡렉슬,134.9,55,2020-02-14,2026-07-31
서울 강남구,도곡렉슬,138.3,3,2020-06-22,2025-09-13
서울 강남구,도곡렉슬,177.0,9,2020-05-05,2026-05-28
서울 강남구,동양파라곤,144.7,1,2022-10-11,2022-10-11
서울 강남구,동양파라곤,157.4,11,2020-07-06,2026-08-11
서울 강남구,동양파라곤,160.3,9,2020-10-29,2026-03-20
서울 강남구,동양파라곤,171.1,7,2023-07-03,2025-12-13
서울 강남구,동양파라곤,180.1,6,2020-05-26,2023-05-25
서울 강남구,동양파라곤,197.5,2,2020-04-13,2020-10-26
서울 강남구,동양파라곤,208.4,1,2021-01-28,2021-01-28
서울 강남구,동양파라곤,214.0,1,2021-03-04,2021-03-04
서울 강남구,동양파라곤,224.4,2,2023-04-26,2026-05-21
서울 강남구,디에이치아너힐즈,49.4,8,2020-11-05,2026-05-01
서울 강남구,디에이치아너힐즈,59.7,32,2020-05-21,2026-08-17
서울 강남구,디에이치아너힐즈,59.8,7,2020-05-02,2025-03-14
서울 강남구,디에이치아너힐즈,59.9,22,2020-06-27,2025-01-21
서울 강남구,디에이치아너힐즈,76.2,36,2020-03-11,2026-08-15
서울 강남구,디에이치아너힐즈,84.4,52,2020-04-27,2026-06-06
서울 강남구,디에이치아너힐즈,84.6,10,2021-01-22,2026-04-30
서울 강남구,디에이치아너힐즈,86.6,1,2025-05-26,2025-05-26
서울 강남구,디에이치아너힐즈,94.3,4,2020-01-04,2025-03-04
서울 강남구,디에이치아너힐즈,94.8,5,2020-10-05,2024-12-31
서울 강남구,디에이치아너힐즈,106.7,2,2021-05-26,2023-08-23
서울 강남구,디에이치아너힐즈,107.0,7,2022-09-15,2026-07-13
서울 강남구,디에이치아너힐즈,131.3,5,2022-02-22,2026-07-31
서울 강남구,디에이치아너힐즈,137.0,1,2024-08-12,2024-08-12
서울 강남구,디에이치아너힐즈,148.3,1,2024-07-15,2024-07-15
서울 강남구,디에이치자이개포,63.8,23,2023-01-05,2025-11-21
서울 강남구,디에이치자이개포,76.5,8,2023-02-03,2025-07-07
서울 강남구,디에이치자이개포,76.6,2,2025-01-23,2025-09-11
서울 강남구,디에이치자이개포,76.8,2,2024-06-04,2024-06-22
서울 강남구,디에이치자이개포,84.6,3,2021-12-22,2023-07-01
서울 강남구,디에이치자이개포,84.7,30,2021-11-01,2026-05-23
서울 강남구,디에이치자이개포,84.8,7,2021-08-06,2025-02-22
서울 강남구,디에이치자이개포,84.9,17,2021-11-07,2025-03-01
서울 강남구,디에이치자이개포,103.8,1,2023-03-07,2023-03-07
서울 강남구,디에이치자이개포,103.9,6,2023-10-19,2026-06-06
서울 강남구,디에이치자이개포,104.0,1,2024-08-22,2024-08-22
서울 강남구,디에이치자이개포,118.7,6,2021-11-09,2025-12-13
서울 강남구,디에이치자이개포,132.9,5,2023-05-22,2025-06-18
서울 강남구,래미안 개포 루체하임,60.0,45,2020-06-11,2026-02-26
서울 강남구,래미안 개포 루체하임,71.6,13,2020-02-01,2026-04-24
서울 강남구,래미안 개포 루체하임,71.7,15,2020-06-30,2026-05-20
서울 강남구,래미안 개포 루체하임,85.0,56,2020-06-17,2026-07-15
서울 강남구,래미안 개포 루체하임,102.0,16,2020-01-21,2026-07-22
서울 강남구,래미안 개포 루체하임,118.1,1,2025-10-31,2025-10-31
서울 강남구,래미안 개포 루체하임,121.7,17,2020-06-16,2026-04-28
서울 강남구,래미안 개포 루체하임,151.1,1,2020-08-08,2020-08-08
서울 강남구,래미안 개포 루체하임,168.8,1,2020-05-20,2020-05-20
서울 강남구,래미안대치팰리스,60.0,1,2020-06-20,2020-06-20
서울 강남구,래미안대치팰리스,69.0,1,2025-02-11,2025-02-11
서울 강남구,래미안대치팰리스,85.0,58,2020-05-11,2026-06-03
서울 강남구,래미안대치팰리스,91.9,20,2020-05-20,2026-06-29
서울 강남구,래미안대치팰리스,93.2,3,2025-03-10,2026-07-09
서울 강남구,래미안대치팰리스,94.5,55,2020-01-04,2026-06-17
서울 강남구,래미안대치팰리스,114.1,9,2023-06-09,2026-05-13
서울 강남구,래미안대치팰리스,114.2,14,2020-06-22,2026-07-22
서울 강남구,래미안대치팰리스,151.3,23,2021-04-01,2026-05-27
서울 강남구,청담파라곤Ⅱ1단지,187.8,2,2020-06-19,2020-07-08
서울 강남구,청담파라곤Ⅱ1단지,195.9,1,2020-02-14,2020-02-14
서울 강남구,청담파라곤Ⅱ1단지,198.8,2,2020-06-15,2020-09-07
서울 강남구,청담파라곤Ⅱ2단지,149.7,2,2021-11-27,2021-12-20
서울 강남구,청담파라곤Ⅱ2단지,153.8,1,2025-05-31,2025-05-31
서울 강남구,청담파라곤Ⅱ2단지,177.1,1,2021-11-01,2021-11-01
서울 송파구,레이크팰리스,60.0,107,2020-01-16,2026-08-19
서울 송파구,레이크팰리스,84.8,172,2020-01-18,2026-06-23
서울 송파구,레이크팰리스,116.2,83,2020-03-06,2026-07-02
서울 송파구,레이크팰리스,135.8,47,2020-05-09,2026-07-06
서울 송파구,레이크팰리스,136.7,16,2020-05-26,2026-09-05
서울 송파구,잠실엘스,60.0,226,2020-01-04,2026-09-11
서울 송파구,잠실엘스,84.8,396,2020-01-06,2026-08-20
서울 송파구,잠실엘스,84.9,70,2020-02-07,2026-09-12
서울 송파구,잠실엘스,85.0,64,2020-02-07,2026-08-21
서울 송파구,잠실엘스,119.9,59,2020-01-06,2026-07-21
서울 송파구,트리지움,59.9,160,2020-02-18,2026-08-12
서울 송파구,트리지움,84.8,193,2020-02-04,2026-08-21
서울 송파구,트리지움,85.0,149,2020-01-16,2026-09-12
서울 송파구,트리지움,114.7,60,2020-02-17,2026-07-30
서울 송파구,트리지움,149.4,34,2020-03-04,2026-07-25
서울 송파구,트윈레이크팰리스빌,28.1,4,2022-03-29,2026-02-07
서울 송파구,트윈레이크팰리스빌,29.2,4,2021-04-07,2022-04-04
서울 송파구,트윈레이크팰리스빌,29.4,1,2024-09-07,2024-09-07
성남시 분당구,동양정자파라곤(1단지),85.0,3,2024-06-01,2025-09-15
성남시 분당구,동양정자파라곤(1단지),140.2,3,2023-06-17,2025-06-12
성남시 분당구,동양정자파라곤(1단지),146.4,12,2022-04-12,2026-01-17
성남시 분당구,동양정자파라곤(1단지),166.4,10,2020-05-09,2026-06-03
성남시 분당구,동양정자파라곤(1단지),193.8,1,2026-07-27,2026-07-27
성남시 분당구,동양정자파라곤(2단지),80.1,6,2020-11-23,2026-04-07
성남시 분당구,동양정자파라곤(2단지),85.0,3,2021-02-26,2026-05-29
성남시 분당구,동양정자파라곤(2단지),146.4,12,2020-03-09,2026-06-03
성남시 분당구,동양정자파라곤(2단지),166.4,11,2020-06-23,2026-06-02
성남시 분당구,동양정자파라곤(2단지),193.8,2,2020-04-22,2021-01-06
성남시 분당구,동양정자파라곤(3단지),80.1,5,2020-07-04,2025-08-23
성남시 분당구,동양정자파라곤(3단지),146.4,12,2020-02-22,2026-04-17
성남시 분당구,동양정자파라곤(3단지),166.4,8,2020-06-17,2026-04-11
성남시 분당구,동양정자파라곤(3단지),193.8,1,2020-09-22,2020-09-22
성남시 분당구,산운마을11단지(판교포레라움),51.1,40,2020-01-13,2026-04-16
성남시 분당구,산운마을11단지(판교포레라움),51.2,63,2020-01-08,2026-08-12
성남시 분당구,산운마을11단지(판교포레라움),59.8,113,2020-01-20,2026-06-11
성남시 분당구,산운마을11단지(판교포레라움),59.9,73,2020-01-22,2026-06-05
성남시 분당구,판교원마을1단지(파라곤),101.1,33,2020-01-16,2026-07-11
성남시 분당구,판교원마을1단지(파라곤),101.2,17,2020-02-01,2025-10-18
성남시 분당구,판교원마을1단지(파라곤),118.6,14,2020-06-15,2026-04-27
성남시 분당구,판교원마을1단지(파라곤),118.9,14,2020-01-24,2026-05-13
성남시 분당구,판교원마을1단지(파라곤),151.9,1,2020-07-15,2020-07-15
성남시 분당구,판교원마을1단지(파라곤),153.6,1,2024-11-10,2024-11-10
성남시 수정구,산성역포레스티아,59.8,196,2020-09-02,2026-09-14
성남시 수정구,산성역포레스티아,67.9,132,2020-05-08,2026-08-07
성남시 수정구,산성역포레스티아,75.0,526,2020-07-31,2026-09-07
성남시 수정구,산성역포레스티아,84.8,6,2023-06-19,2025-08-25
성남시 수정구,산성역포레스티아,84.9,149,2020-09-29,2026-07-11
성남시 수정구,산성역포레스티아,85.0,68,2021-01-13,2026-08-22
성남시 수정구,산성역포레스티아,98.7,20,2021-02-10,2026-09-07
화성시,그린힐 반도유보라 아이비파크 10(1단지),59.8,322,2020-01-02,2026-08-05
화성시,그린힐 반도유보라 아이비파크 10(1단지),59.9,52,2020-01-29,2026-08-31
화성시,그린힐 반도유보라 아이비파크 10(1단지),74.1,198,2020-01-06,2026-09-11
화성시,그린힐 반도유보라 아이비파크 10(1단지),85.0,61,2020-02-05,2026-09-11
화성시,나루마을월드메르디앙반도유보라,102.0,47,2020-01-18,2026-06-20
화성시,나루마을월드메르디앙반도유보라,110.7,33,2020-01-07,2026-06-11
화성시,나루마을월드메르디앙반도유보라,116.0,66,2020-01-03,2026-06-20
화성시,나루마을월드메르디앙반도유보라,139.5,26,2020-02-06,2026-06-24
화성시,나루마을월드메르디앙반도유보라,167.0,11,2020-02-12,2026-04-09
화성시,동탄시범다은마을 월드메르디앙 반도유보라,59.1,516,2020-01-04,2026-09-18
화성시,동탄시범다은마을 월드메르디앙 반도유보라,76.0,20,2020-01-13,2026-04-21
화성시,동탄시범다은마을 월드메르디앙 반도유보라,76.8,119,2020-01-04,2026-06-29
화성시,동탄시범다은마을 월드메르디앙 반도유보라,84.6,89,2020-01-22,2026-06-20
화성시,동탄시범다은마을 월드메르디앙 반도유보라,84.7,84,2020-01-12,2026-08-29
화성시,동탄역 반도유보라 아이비파크 8.0,73.4,49,2020-11-21,2026-06-06
화성시,동탄역 반도유보라 아이비파크 8.0,73.7,65,2020-06-13,2026-06-30
화성시,동탄역 반도유보라 아이비파크 8.0,76.2,25,2020-06-24,2026-05-30
화성시,동탄역 반도유보라 아이비파크 8.0,86.2,49,2020-01-31,2026-06-04
화성시,동탄역 반도유보라 아이비파크5.0,59.9,67,2020-01-11,2026-06-03
화성시,동탄역 반도유보라 아이비파크5.0,74.4,49,2020-04-04,2026-08-24
화성시,동탄역 반도유보라 아이비파크5.0,85.0,45,2020-01-18,2026-05-31
화성시,동탄역 반도유보라 아이비파크5.0,96.8,30,2020-01-31,2026-07-02
화성시,동탄역 반도유보라 아이비파크6.0,59.9,79,2020-03-19,2026-06-24
화성시,동탄역 반도유보라 아이비파크6.0,74.4,31,2020-02-12,2026-05-09
화성시,동탄역 반도유보라 아이비파크6.0,85.0,47,2020-01-13,2026-06-07
화성시,동탄역 반도유보라 아이비파크6.0,96.8,17,2020-01-04,2026-06-10
화성시,동탄역 시범우남퍼스트빌아파트,60.0,211,2020-01-05,2026-07-04
화성시,동탄역 시범우남퍼스트빌아파트,70.0,70,2020-01-04,2026-05-29
화성시,동탄역 시범우남퍼스트빌아파트,74.0,132,2020-01-02,2026-06-13
화성시,동탄역 시범우남퍼스트빌아파트,84.9,101,2020-02-13,2026-08-25
화성시,동탄역 시범우남퍼스트빌아파트,85.0,131,2020-01-21,2026-07-01
화성시,동탄역반도유보라아이비파크2.0,74.4,67,2020-01-04,2026-07-03
화성시,동탄역반도유보라아이비파크2.0,85.0,412,2020-01-05,2026-09-16
화성시,동탄역반도유보라아이비파크7.0,73.4,68,2021-01-09,2026-07-04
화성시,동탄역반도유보라아이비파크7.0,73.7,54,2020-12-12,2026-06-30
화성시,동탄역반도유보라아이비파크7.0,76.2,41,2020-08-05,2026-06-06
화성시,동탄역반도유보라아이비파크7.0,86.2,44,2020-11-24,2026-07-04
화성시,동탄역시범반도유보라아이비파크1.0,85.0,268,2020-01-02,2026-07-31
화성시,동탄역시범반도유보라아이비파크1.0,99.0,82,2020-01-11,2026-06-10
화성시,동탄역파라곤,78.1,21,2021-03-17,2026-06-23
화성시,동탄역파라곤,79.9,34,2023-01-20,2026-06-22
화성시,동탄역파라곤,101.6,8,2023-07-01,2026-06-16
화성시,동탄역파라곤,104.8,1,2023-11-07,2023-11-07
화성시,동탄파라곤,159.4,12,2020-12-24,2026-06-24
화성시,동탄파라곤,171.0,10,2020-01-09,2026-06-24
화성시,동탄파라곤,174.0,7,2021-07-16,2026-06-18
화성시,동탄파라곤,192.7,3,2020-02-06,2026-04-24
화성시,동탄파라곤,201.4,19,2020-01-06,2025-06-02
화성시,동탄파라곤,243.1,2,2025-01-13,2025-05-26
화성시,동탄파라곤,244.0,1,2020-09-08,2020-09-08
화성시,동탄파라곤II,115.2,9,2020-03-03,2025-12-05
화성시,동탄파라곤II,115.6,26,2020-01-31,2026-06-30
화성시,동탄파라곤II,162.6,1,2021-12-07,2021-12-07
화성시,레이크반도유보라아이비파크9.0,93.4,9,2020-01-23,2026-03-14
화성시,레이크반도유보라아이비파크9.0,102.0,135,2020-01-07,2026-08-12
화성시,레이크반도유보라아이비파크9.0,104.4,59,2020-01-11,2026-09-14
화성시,레이크힐 반도유보라 아이비파크 10.2,77.2,43,2020-01-10,2026-07-03
화성시,레이크힐 반도유보라 아이비파크 10.2,85.0,265,2020-01-07,2026-09-15
화성시,레이크힐 반도유보라 아이비파크 10.2,96.7,115,2020-01-17,2026-08-13
화성시,레이크힐 반도유보라 아이비파크 10.2,96.8,107,2020-01-04,2026-09-01
화성시,반도유보라아이비파크3,60.0,363,2020-01-06,2026-09-17
화성시,반도유보라아이비파크3,74.4,38,2020-01-16,2026-05-12
화성시,반도유보라아이비파크3,75.0,51,2020-01-18,2026-05-30
화성시,반도유보라아이비파크3,84.9,40,2020-02-01,2026-06-18
화성시,반도유보라아이비파크3,85.0,34,2020-02-13,2026-06-30
화성시,시범다은마을우남퍼스트빌,67.1,99,2020-01-11,2026-09-08
화성시,시범다은마을우남퍼스트빌,84.4,59,2020-01-03,2026-06-22
화성시,시범다은마을우남퍼스트빌,85.0,98,2020-01-03,2026-09-11
화성시,시범반도유보라아이비파크4.0,84.6,37,2020-01-11,2026-06-06
화성시,시범반도유보라아이비파크4.0,84.8,44,2020-02-08,2026-06-25
화성시,시범반도유보라아이비파크4.0,85.0,128,2020-01-11,2026-08-07
화성시,시범반도유보라아이비파크4.0,96.7,115,2020-01-06,2026-06-30
